filename,logo_id,order_id,animation_id,animate
L_7sins_01,0,0,5.0,0.5789473684210527
L_7sins_01,0,1,0.0,0.5263157894736842
L_7sins_01,0,2,2.0,0.5263157894736842
L_7sins_01,0,3,4.0,0.6842105263157895
L_7sins_01,0,4,3.0,0.5263157894736842
L_7sins_01,0,5,1.0,0.6842105263157895
L_7sins_01,0,6,10.0,0.7894736842105263
L_7sins_01,0,7,9.0,0.05263157894736842
L_7sins_02,1,0,0.0,0.6111111111111112
L_7sins_02,1,1,2.0,0.8333333333333334
L_7sins_02,1,2,6.0,0.16666666666666666
L_7sins_02,1,3,7.0,0.2777777777777778
L_7sins_02,1,4,4.0,0.2777777777777778
L_7sins_02,1,5,3.0,0.6111111111111112
L_7sins_02,1,6,5.0,0.2222222222222222
L_7sins_02,1,7,1.0,0.05555555555555555
L_7sins_03_1,2,0,0.0,0.7058823529411765
L_7sins_03_1,2,1,2.0,0.7058823529411765
L_7sins_03_1,2,2,7.0,0.23529411764705882
L_7sins_03_1,2,3,5.0,0.23529411764705882
L_7sins_03_1,2,4,8.0,0.23529411764705882
L_7sins_03_1,2,5,4.0,0.7647058823529411
L_7sins_03_1,2,6,6.0,0.17647058823529413
L_7sins_03_1,2,7,22.0,0.17647058823529413
L_7sins_03_2,3,0,0.0,0.5882352941176471
L_7sins_03_2,3,1,1.0,0.7058823529411765
L_7sins_03_2,3,2,5.0,0.23529411764705882
L_7sins_03_2,3,3,3.0,0.29411764705882354
L_7sins_03_2,3,4,6.0,0.29411764705882354
L_7sins_03_2,3,5,2.0,0.8235294117647058
L_7sins_03_2,3,6,4.0,0.35294117647058826
L_7sins_03_2,3,7,20.0,0.058823529411764705
L_7sins_04,4,0,5.0,0.9375
L_7sins_04,4,1,9.0,0.6875
L_7sins_04,4,2,6.0,0.5625
L_7sins_04,4,3,8.0,0.625
L_7sins_04,4,4,2.0,0.0
L_7sins_04,4,5,3.0,0.0
L_7sins_04,4,6,0.0,0.125
L_7sins_04,4,7,4.0,0.4375
L_Beck_Bau_02,5,0,7.0,0.8
L_Beck_Bau_02,5,1,0.0,0.8
L_Beck_Bau_02,5,2,4.0,0.3333333333333333
L_Beck_Bau_02,5,3,3.0,0.13333333333333333
L_Beck_Bau_02,5,4,6.0,0.06666666666666667
L_Beck_Bau_02,5,5,5.0,0.13333333333333333
L_Beck_Bau_02,5,6,1.0,0.13333333333333333
L_Beck_Bau_02,5,7,2.0,0.13333333333333333
L_Beck_Bau_03_1,6,0,7.0,0.8571428571428571
L_Beck_Bau_03_1,6,1,0.0,0.7857142857142857
L_Beck_Bau_03_1,6,2,4.0,0.42857142857142855
L_Beck_Bau_03_1,6,3,6.0,0.14285714285714285
L_Beck_Bau_03_1,6,4,5.0,0.14285714285714285
L_Beck_Bau_03_1,6,5,3.0,0.07142857142857142
L_Beck_Bau_03_1,6,6,1.0,0.07142857142857142
L_Beck_Bau_03_1,6,7,2.0,0.07142857142857142
L_Beck_Bau_03_2,7,0,7.0,0.8571428571428571
L_Beck_Bau_03_2,7,1,0.0,0.8571428571428571
L_Beck_Bau_03_2,7,2,4.0,0.5
L_Beck_Bau_03_2,7,3,3.0,0.07142857142857142
L_Beck_Bau_03_2,7,4,6.0,0.07142857142857142
L_Beck_Bau_03_2,7,5,1.0,0.07142857142857142
L_Beck_Bau_03_2,7,6,5.0,0.07142857142857142
L_Beck_Bau_03_2,7,7,2.0,0.07142857142857142
L_Beck_Bau_04_1,8,0,7.0,0.8571428571428571
L_Beck_Bau_04_1,8,1,0.0,0.8571428571428571
L_Beck_Bau_04_1,8,2,4.0,0.42857142857142855
L_Beck_Bau_04_1,8,3,3.0,0.14285714285714285
L_Beck_Bau_04_1,8,4,6.0,0.14285714285714285
L_Beck_Bau_04_1,8,5,1.0,0.14285714285714285
L_Beck_Bau_04_1,8,6,5.0,0.21428571428571427
L_Beck_Bau_04_1,8,7,2.0,0.14285714285714285
L_Beck_Bau_04_2,9,0,7.0,0.8571428571428571
L_Beck_Bau_04_2,9,1,0.0,0.8571428571428571
L_Beck_Bau_04_2,9,2,4.0,0.42857142857142855
L_Beck_Bau_04_2,9,3,5.0,0.07142857142857142
L_Beck_Bau_04_2,9,4,3.0,0.07142857142857142
L_Beck_Bau_04_2,9,5,1.0,0.07142857142857142
L_Beck_Bau_04_2,9,6,6.0,0.07142857142857142
L_Beck_Bau_04_2,9,7,2.0,0.07142857142857142
L_Beck_Bau_05_1,10,0,0.0,1.0
L_Beck_Bau_05_1,10,1,6.0,0.42857142857142855
L_Beck_Bau_05_1,10,2,8.0,0.07142857142857142
L_Beck_Bau_05_1,10,3,5.0,0.07142857142857142
L_Beck_Bau_05_1,10,4,7.0,0.07142857142857142
L_Beck_Bau_05_1,10,5,3.0,0.07142857142857142
L_Beck_Bau_05_1,10,6,4.0,0.07142857142857142
L_Beck_Bau_05_1,10,7,1.0,0.35714285714285715
L_Beck_Bau_05_2,11,0,0.0,1.0
L_Beck_Bau_05_2,11,1,6.0,0.5
L_Beck_Bau_05_2,11,2,5.0,0.14285714285714285
L_Beck_Bau_05_2,11,3,8.0,0.07142857142857142
L_Beck_Bau_05_2,11,4,7.0,0.07142857142857142
L_Beck_Bau_05_2,11,5,3.0,0.14285714285714285
L_Beck_Bau_05_2,11,6,4.0,0.14285714285714285
L_Beck_Bau_05_2,11,7,1.0,0.14285714285714285
L_Beck_Bau_06_1,12,0,2.0,1.0
L_Beck_Bau_06_1,12,1,6.0,0.42857142857142855
L_Beck_Bau_06_1,12,2,5.0,0.21428571428571427
L_Beck_Bau_06_1,12,3,8.0,0.14285714285714285
L_Beck_Bau_06_1,12,4,7.0,0.14285714285714285
L_Beck_Bau_06_1,12,5,4.0,0.21428571428571427
L_Beck_Bau_06_1,12,6,3.0,0.5
L_Beck_Bau_06_1,12,7,1.0,0.21428571428571427
L_Beck_Bau_07_1,13,0,7.0,0.9285714285714286
L_Beck_Bau_07_1,13,1,0.0,0.7857142857142857
L_Beck_Bau_07_1,13,2,4.0,0.2857142857142857
L_Beck_Bau_07_1,13,3,3.0,0.14285714285714285
L_Beck_Bau_07_1,13,4,5.0,0.07142857142857142
L_Beck_Bau_07_1,13,5,6.0,0.07142857142857142
L_Beck_Bau_07_1,13,6,2.0,0.14285714285714285
L_Beck_Bau_07_1,13,7,1.0,0.35714285714285715
L_Beck_Bau_08,14,0,8.0,0.7857142857142857
L_Beck_Bau_08,14,1,7.0,1.0
L_Beck_Bau_08,14,2,0.0,0.35714285714285715
L_Beck_Bau_08,14,3,4.0,0.21428571428571427
L_Beck_Bau_08,14,4,5.0,0.07142857142857142
L_Beck_Bau_08,14,5,6.0,0.07142857142857142
L_Beck_Bau_08,14,6,3.0,0.07142857142857142
L_Beck_Bau_08,14,7,1.0,0.14285714285714285
L_Beck_Bau_09_1,15,0,0.0,0.2857142857142857
L_Beck_Bau_09_1,15,1,4.0,0.21428571428571427
L_Beck_Bau_09_1,15,2,5.0,0.0
L_Beck_Bau_09_1,15,3,3.0,0.0
L_Beck_Bau_09_1,15,4,6.0,0.0
L_Beck_Bau_09_1,15,5,7.0,1.0
L_Beck_Bau_09_1,15,6,8.0,0.8571428571428571
L_Beck_Bau_09_1,15,7,1.0,0.07142857142857142
L_Beck_Bau_09_2,16,0,0.0,0.42857142857142855
L_Beck_Bau_09_2,16,1,4.0,0.35714285714285715
L_Beck_Bau_09_2,16,2,3.0,0.0
L_Beck_Bau_09_2,16,3,6.0,0.0
L_Beck_Bau_09_2,16,4,5.0,0.0
L_Beck_Bau_09_2,16,5,1.0,0.0
L_Beck_Bau_09_2,16,6,9.0,0.6428571428571429
L_Beck_Bau_09_2,16,7,8.0,0.6428571428571429
L_Beck_Bau_10_1,17,0,7.0,0.9285714285714286
L_Beck_Bau_10_1,17,1,4.0,0.35714285714285715
L_Beck_Bau_10_1,17,2,0.0,0.2857142857142857
L_Beck_Bau_10_1,17,3,5.0,0.14285714285714285
L_Beck_Bau_10_1,17,4,3.0,0.21428571428571427
L_Beck_Bau_10_1,17,5,6.0,0.14285714285714285
L_Beck_Bau_10_1,17,6,1.0,0.21428571428571427
L_Beck_Bau_10_1,17,7,2.0,0.21428571428571427
L_Beck_Bau_10_2,18,0,7.0,1.0
L_Beck_Bau_10_2,18,1,4.0,0.21428571428571427
L_Beck_Bau_10_2,18,2,0.0,0.2857142857142857
L_Beck_Bau_10_2,18,3,3.0,0.14285714285714285
L_Beck_Bau_10_2,18,4,1.0,0.14285714285714285
L_Beck_Bau_10_2,18,5,6.0,0.07142857142857142
L_Beck_Bau_10_2,18,6,5.0,0.07142857142857142
L_Beck_Bau_10_2,18,7,2.0,0.14285714285714285
L_Beck_Bau_12,19,0,8.0,0.7857142857142857
L_Beck_Bau_12,19,1,5.0,0.8571428571428571
L_Beck_Bau_12,19,2,0.0,0.21428571428571427
L_Beck_Bau_12,19,3,4.0,0.21428571428571427
L_Beck_Bau_12,19,4,6.0,0.07142857142857142
L_Beck_Bau_12,19,5,3.0,0.07142857142857142
L_Beck_Bau_12,19,6,1.0,0.07142857142857142
L_Beck_Bau_12,19,7,2.0,0.07142857142857142
L_Beck_Bau_13_1,20,0,0.0,0.23076923076923078
L_Beck_Bau_13_1,20,1,4.0,0.23076923076923078
L_Beck_Bau_13_1,20,2,6.0,0.15384615384615385
L_Beck_Bau_13_1,20,3,3.0,0.15384615384615385
L_Beck_Bau_13_1,20,4,1.0,0.15384615384615385
L_Beck_Bau_13_1,20,5,5.0,0.46153846153846156
L_Beck_Bau_13_1,20,6,2.0,0.15384615384615385
L_Beck_Bau_13_1,20,7,7.0,1.0
L_Beck_Bau_13_2,21,0,0.0,0.3076923076923077
L_Beck_Bau_13_2,21,1,3.0,0.23076923076923078
L_Beck_Bau_13_2,21,2,5.0,0.0
L_Beck_Bau_13_2,21,3,2.0,0.0
L_Beck_Bau_13_2,21,4,4.0,0.38461538461538464
L_Beck_Bau_13_2,21,5,1.0,0.0
L_Beck_Bau_13_2,21,6,7.0,0.6923076923076923
L_Beck_Bau_13_2,21,7,8.0,0.6923076923076923
L_Beck_Bau_14_1,22,0,7.0,0.9230769230769231
L_Beck_Bau_14_1,22,1,4.0,0.38461538461538464
L_Beck_Bau_14_1,22,2,0.0,0.46153846153846156
L_Beck_Bau_14_1,22,3,3.0,0.15384615384615385
L_Beck_Bau_14_1,22,4,6.0,0.15384615384615385
L_Beck_Bau_14_1,22,5,5.0,0.15384615384615385
L_Beck_Bau_14_1,22,6,1.0,0.15384615384615385
L_Beck_Bau_14_1,22,7,2.0,0.15384615384615385
L_Beck_Bau_14_2,23,0,8.0,0.9230769230769231
L_Beck_Bau_14_2,23,1,4.0,0.3076923076923077
L_Beck_Bau_14_2,23,2,0.0,0.23076923076923078
L_Beck_Bau_14_2,23,3,3.0,0.07692307692307693
L_Beck_Bau_14_2,23,4,6.0,0.07692307692307693
L_Beck_Bau_14_2,23,5,5.0,0.07692307692307693
L_Beck_Bau_14_2,23,6,1.0,0.07692307692307693
L_Beck_Bau_14_2,23,7,2.0,0.07692307692307693
L_Beck_Platten_01,24,0,12.0,1.0
L_Beck_Platten_01,24,1,11.0,1.0
L_Beck_Platten_01,24,2,13.0,1.0
L_Beck_Platten_01,24,3,10.0,0.07692307692307693
L_Beck_Platten_01,24,4,0.0,0.15384615384615385
L_Beck_Platten_01,24,5,6.0,0.07692307692307693
L_Beck_Platten_01,24,6,3.0,0.07692307692307693
L_Beck_Platten_01,24,7,1.0,0.07692307692307693
L_Beck_Platten_02,25,0,12.0,1.0
L_Beck_Platten_02,25,1,11.0,1.0
L_Beck_Platten_02,25,2,13.0,1.0
L_Beck_Platten_02,25,3,10.0,0.0
L_Beck_Platten_02,25,4,0.0,0.0
L_Beck_Platten_02,25,5,3.0,0.0
L_Beck_Platten_02,25,6,6.0,0.0
L_Beck_Platten_02,25,7,4.0,0.0
L_Beck_Platten_03,26,0,12.0,1.0
L_Beck_Platten_03,26,1,11.0,1.0
L_Beck_Platten_03,26,2,13.0,1.0
L_Beck_Platten_03,26,3,10.0,0.0
L_Beck_Platten_03,26,4,0.0,0.07692307692307693
L_Beck_Platten_03,26,5,6.0,0.0
L_Beck_Platten_03,26,6,3.0,0.0
L_Beck_Platten_03,26,7,1.0,0.0
L_Braumann_01,28,0,128.0,0.5384615384615384
L_Braumann_01,28,1,126.0,0.9230769230769231
L_Braumann_01,28,2,0.0,0.0
L_Braumann_01,28,3,1.0,0.0
L_Braumann_01,28,4,2.0,0.0
L_Braumann_01,28,5,3.0,0.0
L_Braumann_01,28,6,4.0,0.0
L_Braumann_01,28,7,5.0,0.0
L_Braumann_02,29,0,134.0,1.0
L_Braumann_02,29,1,126.0,0.15384615384615385
L_Braumann_02,29,2,130.0,0.0
L_Braumann_02,29,3,128.0,0.0
L_Braumann_02,29,4,131.0,0.0
L_Braumann_02,29,5,132.0,0.0
L_Braumann_02,29,6,133.0,0.0
L_Braumann_02,29,7,129.0,0.0
L_Braumann_03,30,0,134.0,0.9230769230769231
L_Braumann_03,30,1,130.0,0.0
L_Braumann_03,30,2,135.0,0.5384615384615384
L_Braumann_03,30,3,126.0,0.0
L_Braumann_03,30,4,128.0,0.0
L_Braumann_03,30,5,131.0,0.0
L_Braumann_03,30,6,133.0,0.0
L_Braumann_03,30,7,129.0,0.0
L_Braumann_04,31,0,134.0,1.0
L_Braumann_04,31,1,130.0,0.0
L_Braumann_04,31,2,126.0,0.07692307692307693
L_Braumann_04,31,3,131.0,0.0
L_Braumann_04,31,4,128.0,0.0
L_Braumann_04,31,5,133.0,0.0
L_Braumann_04,31,6,132.0,0.0
L_Braumann_04,31,7,129.0,0.0
L_Braumann_05,32,0,134.0,1.0
L_Braumann_05,32,1,130.0,0.0
L_Braumann_05,32,2,126.0,0.0
L_Braumann_05,32,3,129.0,0.0
L_Braumann_05,32,4,128.0,0.0
L_Braumann_05,32,5,131.0,0.0
L_Braumann_05,32,6,133.0,0.0
L_Braumann_05,32,7,132.0,0.0
L_Braumann_06,33,0,126.0,0.6923076923076923
L_Braumann_06,33,1,135.0,1.0
L_Braumann_06,33,2,127.0,0.0
L_Braumann_06,33,3,131.0,0.0
L_Braumann_06,33,4,129.0,0.0
L_Braumann_06,33,5,132.0,0.0
L_Braumann_06,33,6,133.0,0.0
L_Braumann_06,33,7,134.0,0.0
L_Braumann_07,34,0,134.0,1.0
L_Braumann_07,34,1,130.0,0.0
L_Braumann_07,34,2,126.0,0.0
L_Braumann_07,34,3,132.0,0.0
L_Braumann_07,34,4,133.0,0.0
L_Braumann_07,34,5,129.0,0.0
L_Braumann_07,34,6,131.0,0.0
L_Braumann_07,34,7,128.0,0.0
L_Braumann_08,35,0,126.0,0.7692307692307693
L_Braumann_08,35,1,131.0,0.0
L_Braumann_08,35,2,135.0,0.6923076923076923
L_Braumann_08,35,3,127.0,0.0
L_Braumann_08,35,4,129.0,0.0
L_Braumann_08,35,5,132.0,0.0
L_Braumann_08,35,6,134.0,0.0
L_Braumann_08,35,7,133.0,0.0
L_Braumannn_03,27,0,134.0,1.0
L_Braumannn_03,27,1,130.0,0.0
L_Braumannn_03,27,2,126.0,0.15384615384615385
L_Braumannn_03,27,3,129.0,0.0
L_Braumannn_03,27,4,128.0,0.0
L_Braumannn_03,27,5,131.0,0.0
L_Braumannn_03,27,6,133.0,0.0
L_Braumannn_03,27,7,132.0,0.0
L_Fritsche_1,38,0,0.0,0.8461538461538461
L_Fritsche_1,38,1,13.0,1.0
L_Fritsche_1,38,2,10.0,0.15384615384615385
L_Fritsche_1,38,3,12.0,0.15384615384615385
L_Fritsche_1,38,4,9.0,0.15384615384615385
L_Fritsche_1,38,5,11.0,0.15384615384615385
L_Fritsche_1,38,6,7.0,0.0
L_Fritsche_1,38,7,8.0,0.0
L_Fritsche_2,39,0,14.0,0.7692307692307693
L_Fritsche_2,39,1,12.0,0.9230769230769231
L_Fritsche_2,39,2,13.0,1.0
L_Fritsche_2,39,3,3.0,0.07692307692307693
L_Fritsche_2,39,4,1.0,0.07692307692307693
L_Fritsche_2,39,5,0.0,0.07692307692307693
L_Fritsche_2,39,6,2.0,0.07692307692307693
L_Fritsche_2,39,7,10.0,0.0
L_Fritsche_3,40,0,13.0,0.6923076923076923
L_Fritsche_3,40,1,12.0,0.8461538461538461
L_Fritsche_3,40,2,14.0,1.0
L_Fritsche_3,40,3,3.0,0.15384615384615385
L_Fritsche_3,40,4,1.0,0.15384615384615385
L_Fritsche_3,40,5,0.0,0.15384615384615385
L_Fritsche_3,40,6,2.0,0.15384615384615385
L_Fritsche_3,40,7,10.0,0.0
L_Fritsche_4,41,0,14.0,0.8461538461538461
L_Fritsche_4,41,1,10.0,0.0
L_Fritsche_4,41,2,4.0,0.23076923076923078
L_Fritsche_4,41,3,13.0,0.9230769230769231
L_Fritsche_4,41,4,0.0,0.38461538461538464
L_Fritsche_4,41,5,11.0,0.0
L_Fritsche_4,41,6,3.0,0.0
L_Fritsche_4,41,7,1.0,0.0
L_Grote_01,42,0,0.0,0.15384615384615385
L_Grote_01,42,1,4.0,0.15384615384615385
L_Grote_01,42,2,2.0,0.15384615384615385
L_Grote_01,42,3,20.0,1.0
L_Grote_01,42,4,19.0,1.0
L_Grote_01,42,5,18.0,1.0
L_Grote_01,42,6,3.0,0.15384615384615385
L_Grote_01,42,7,1.0,0.15384615384615385
L_Grote_02,43,0,0.0,0.3076923076923077
L_Grote_02,43,1,4.0,0.23076923076923078
L_Grote_02,43,2,2.0,0.23076923076923078
L_Grote_02,43,3,19.0,0.9230769230769231
L_Grote_02,43,4,18.0,0.9230769230769231
L_Grote_02,43,5,20.0,0.9230769230769231
L_Grote_02,43,6,3.0,0.23076923076923078
L_Grote_02,43,7,1.0,0.23076923076923078
L_Grote_03_1,44,0,19.0,1.0
L_Grote_03_1,44,1,18.0,1.0
L_Grote_03_1,44,2,20.0,1.0
L_Grote_03_1,44,3,2.0,0.07692307692307693
L_Grote_03_1,44,4,1.0,0.07692307692307693
L_Grote_03_1,44,5,0.0,0.15384615384615385
L_Grote_03_1,44,6,4.0,0.07692307692307693
L_Grote_03_1,44,7,3.0,0.07692307692307693
L_Grote_03_2,45,0,18.0,1.0
L_Grote_03_2,45,1,19.0,1.0
L_Grote_03_2,45,2,20.0,1.0
L_Grote_03_2,45,3,0.0,0.15384615384615385
L_Grote_03_2,45,4,2.0,0.07692307692307693
L_Grote_03_2,45,5,4.0,0.07692307692307693
L_Grote_03_2,45,6,3.0,0.07692307692307693
L_Grote_03_2,45,7,1.0,0.07692307692307693
L_Grote_04,46,0,22.0,1.0
L_Grote_04,46,1,0.0,0.23076923076923078
L_Grote_04,46,2,2.0,0.07692307692307693
L_Grote_04,46,3,4.0,0.07692307692307693
L_Grote_04,46,4,3.0,0.07692307692307693
L_Grote_04,46,5,1.0,0.07692307692307693
L_Grote_04,46,6,16.0,0.0
L_Grote_04,46,7,9.0,0.0
L_Grote_05,47,0,18.0,1.0
L_Grote_05,47,1,0.0,0.3076923076923077
L_Grote_05,47,2,2.0,0.15384615384615385
L_Grote_05,47,3,4.0,0.15384615384615385
L_Grote_05,47,4,3.0,0.15384615384615385
L_Grote_05,47,5,1.0,0.15384615384615385
L_Grote_05,47,6,7.0,0.0
L_Grote_05,47,7,14.0,0.0
L_Grote_06_1,48,0,0.0,0.3076923076923077
L_Grote_06_1,48,1,2.0,0.15384615384615385
L_Grote_06_1,48,2,4.0,0.15384615384615385
L_Grote_06_1,48,3,3.0,0.15384615384615385
L_Grote_06_1,48,4,1.0,0.15384615384615385
L_Grote_06_1,48,5,22.0,0.6153846153846154
L_Grote_06_1,48,6,21.0,0.6153846153846154
L_Grote_06_1,48,7,25.0,0.6153846153846154
L_Grote_06_2,49,0,0.0,0.38461538461538464
L_Grote_06_2,49,1,2.0,0.15384615384615385
L_Grote_06_2,49,2,4.0,0.15384615384615385
L_Grote_06_2,49,3,3.0,0.15384615384615385
L_Grote_06_2,49,4,1.0,0.15384615384615385
L_Grote_06_2,49,5,22.0,0.6153846153846154
L_Grote_06_2,49,6,21.0,0.6153846153846154
L_Grote_06_2,49,7,25.0,0.6923076923076923
L_Grote_07,50,0,0.0,0.23076923076923078
L_Grote_07,50,1,2.0,0.07692307692307693
L_Grote_07,50,2,4.0,0.07692307692307693
L_Grote_07,50,3,3.0,0.07692307692307693
L_Grote_07,50,4,1.0,0.07692307692307693
L_Grote_07,50,5,18.0,0.9230769230769231
L_Grote_07,50,6,19.0,0.9230769230769231
L_Grote_07,50,7,20.0,0.9230769230769231
L_Grote_08,51,0,18.0,1.0
L_Grote_08,51,1,0.0,0.25
L_Grote_08,51,2,2.0,0.08333333333333333
L_Grote_08,51,3,4.0,0.08333333333333333
L_Grote_08,51,4,3.0,0.08333333333333333
L_Grote_08,51,5,1.0,0.08333333333333333
L_Grote_08,51,6,16.0,0.08333333333333333
L_Grote_08,51,7,7.0,0.08333333333333333
L_Grote_09,52,0,19.0,1.0
L_Grote_09,52,1,0.0,0.25
L_Grote_09,52,2,18.0,1.0
L_Grote_09,52,3,2.0,0.08333333333333333
L_Grote_09,52,4,4.0,0.08333333333333333
L_Grote_09,52,5,3.0,0.08333333333333333
L_Grote_09,52,6,1.0,0.0
L_Grote_09,52,7,16.0,0.0
L_Grote_10,53,0,0.0,0.3333333333333333
L_Grote_10,53,1,23.0,0.75
L_Grote_10,53,2,2.0,0.16666666666666666
L_Grote_10,53,3,4.0,0.16666666666666666
L_Grote_10,53,4,3.0,0.16666666666666666
L_Grote_10,53,5,22.0,0.75
L_Grote_10,53,6,1.0,0.16666666666666666
L_Grote_10,53,7,21.0,0.75
L_Grote_11,54,0,0.0,0.3333333333333333
L_Grote_11,54,1,2.0,0.08333333333333333
L_Grote_11,54,2,4.0,0.08333333333333333
L_Grote_11,54,3,3.0,0.08333333333333333
L_Grote_11,54,4,1.0,0.08333333333333333
L_Grote_11,54,5,24.0,0.5833333333333334
L_Grote_11,54,6,23.0,0.5833333333333334
L_Grote_11,54,7,28.0,0.5833333333333334
L_Grote_12,55,0,2.0,0.0
L_Grote_12,55,1,1.0,0.0
L_Grote_12,55,2,0.0,0.0
L_Grote_12,55,3,4.0,0.0
L_Grote_12,55,4,18.0,0.9166666666666666
L_Grote_12,55,5,3.0,0.0
L_Grote_12,55,6,9.0,0.08333333333333333
L_Grote_12,55,7,16.0,0.08333333333333333
L_Haarmonie_L_1,56,0,11.0,0.9166666666666666
L_Haarmonie_L_1,56,1,10.0,0.9166666666666666
L_Haarmonie_L_1,56,2,0.0,0.16666666666666666
L_Haarmonie_L_1,56,3,4.0,0.0
L_Haarmonie_L_1,56,4,9.0,0.9166666666666666
L_Haarmonie_L_1,56,5,5.0,0.0
L_Haarmonie_L_1,56,6,8.0,0.0
L_Haarmonie_L_1,56,7,2.0,0.0
L_Haarmonie_L_10,57,0,0.0,0.9166666666666666
L_Haarmonie_L_10,57,1,1.0,0.8333333333333334
L_Haarmonie_L_10,57,2,5.0,0.16666666666666666
L_Haarmonie_L_10,57,3,7.0,0.08333333333333333
L_Haarmonie_L_10,57,4,6.0,0.08333333333333333
L_Haarmonie_L_10,57,5,2.0,0.08333333333333333
L_Haarmonie_L_10,57,6,3.0,0.0
L_Haarmonie_L_10,57,7,8.0,0.0
L_Haarmonie_L_11,58,0,9.0,1.0
L_Haarmonie_L_11,58,1,4.0,0.08333333333333333
L_Haarmonie_L_11,58,2,0.0,0.3333333333333333
L_Haarmonie_L_11,58,3,6.0,0.08333333333333333
L_Haarmonie_L_11,58,4,5.0,0.08333333333333333
L_Haarmonie_L_11,58,5,2.0,0.25
L_Haarmonie_L_11,58,6,8.0,0.0
L_Haarmonie_L_11,58,7,1.0,0.16666666666666666
L_Haarmonie_L_12,59,0,0.0,1.0
L_Haarmonie_L_12,59,1,5.0,0.0
L_Haarmonie_L_12,59,2,1.0,0.16666666666666666
L_Haarmonie_L_12,59,3,6.0,0.0
L_Haarmonie_L_12,59,4,3.0,0.0
L_Haarmonie_L_12,59,5,2.0,0.0
L_Haarmonie_L_12,59,6,8.0,0.0
L_Haarmonie_L_12,59,7,7.0,0.0
L_Haarmonie_L_13,60,0,9.0,1.0
L_Haarmonie_L_13,60,1,4.0,0.0
L_Haarmonie_L_13,60,2,0.0,0.16666666666666666
L_Haarmonie_L_13,60,3,5.0,0.0
L_Haarmonie_L_13,60,4,2.0,0.0
L_Haarmonie_L_13,60,5,1.0,0.0
L_Haarmonie_L_13,60,6,8.0,0.0
L_Haarmonie_L_13,60,7,6.0,0.0
L_Haarmonie_L_14,61,0,8.0,1.0
L_Haarmonie_L_14,61,1,0.0,0.16666666666666666
L_Haarmonie_L_14,61,2,4.0,0.0
L_Haarmonie_L_14,61,3,5.0,0.0
L_Haarmonie_L_14,61,4,7.0,0.0
L_Haarmonie_L_14,61,5,2.0,0.0
L_Haarmonie_L_14,61,6,1.0,0.0
L_Haarmonie_L_14,61,7,6.0,0.0
L_Haarmonie_L_15,62,0,9.0,1.0
L_Haarmonie_L_15,62,1,0.0,0.16666666666666666
L_Haarmonie_L_15,62,2,1.0,0.0
L_Haarmonie_L_15,62,3,2.0,0.0
L_Haarmonie_L_15,62,4,4.0,0.0
L_Haarmonie_L_15,62,5,5.0,0.0
L_Haarmonie_L_15,62,6,8.0,0.0
L_Haarmonie_L_15,62,7,6.0,0.0
L_Haarmonie_L_2,63,0,0.0,0.25
L_Haarmonie_L_2,63,1,4.0,0.0
L_Haarmonie_L_2,63,2,8.0,0.0
L_Haarmonie_L_2,63,3,5.0,0.0
L_Haarmonie_L_2,63,4,1.0,0.0
L_Haarmonie_L_2,63,5,2.0,0.0
L_Haarmonie_L_2,63,6,6.0,0.0
L_Haarmonie_L_2,63,7,10.0,1.0
L_Haarmonie_L_22,64,0,1.0,0.16666666666666666
L_Haarmonie_L_22,64,1,0.0,1.0
L_Haarmonie_L_22,64,2,2.0,0.0
L_Haarmonie_L_22,64,3,3.0,0.0
L_Haarmonie_L_22,64,4,5.0,0.0
L_Haarmonie_L_22,64,5,6.0,0.0
L_Haarmonie_L_22,64,6,9.0,0.0
L_Haarmonie_L_22,64,7,7.0,0.0
L_Haarmonie_L_3,65,0,1.0,1.0
L_Haarmonie_L_3,65,1,2.0,1.0
L_Haarmonie_L_3,65,2,3.0,0.16666666666666666
L_Haarmonie_L_3,65,3,7.0,0.0
L_Haarmonie_L_3,65,4,0.0,1.0
L_Haarmonie_L_3,65,5,9.0,0.0
L_Haarmonie_L_3,65,6,5.0,0.0
L_Haarmonie_L_3,65,7,8.0,0.0
L_Haarmonie_L_4,66,0,10.0,1.0
L_Haarmonie_L_4,66,1,9.0,0.9166666666666666
L_Haarmonie_L_4,66,2,4.0,0.0
L_Haarmonie_L_4,66,3,0.0,0.16666666666666666
L_Haarmonie_L_4,66,4,1.0,0.0
L_Haarmonie_L_4,66,5,2.0,0.0
L_Haarmonie_L_4,66,6,5.0,0.0
L_Haarmonie_L_4,66,7,8.0,0.0
L_Haarmonie_L_5,67,0,0.0,0.08333333333333333
L_Haarmonie_L_5,67,1,2.0,0.0
L_Haarmonie_L_5,67,2,3.0,0.0
L_Haarmonie_L_5,67,3,6.0,1.0
L_Haarmonie_L_5,67,4,8.0,0.9166666666666666
L_Haarmonie_L_5,67,5,7.0,1.0
L_Haarmonie_L_5,67,6,4.0,0.0
L_Haarmonie_L_5,67,7,5.0,0.0
L_Haarmonie_L_6,68,0,9.0,1.0
L_Haarmonie_L_6,68,1,0.0,0.4166666666666667
L_Haarmonie_L_6,68,2,4.0,0.0
L_Haarmonie_L_6,68,3,6.0,0.0
L_Haarmonie_L_6,68,4,1.0,0.0
L_Haarmonie_L_6,68,5,2.0,0.0
L_Haarmonie_L_6,68,6,5.0,0.0
L_Haarmonie_L_6,68,7,8.0,0.0
L_Haarmonie_L_7,69,0,9.0,1.0
L_Haarmonie_L_7,69,1,4.0,0.0
L_Haarmonie_L_7,69,2,0.0,0.25
L_Haarmonie_L_7,69,3,8.0,0.0
L_Haarmonie_L_7,69,4,6.0,0.0
L_Haarmonie_L_7,69,5,5.0,0.0
L_Haarmonie_L_7,69,6,2.0,0.16666666666666666
L_Haarmonie_L_7,69,7,1.0,0.16666666666666666
L_Haarmonie_L_9,70,0,5.0,0.0
L_Haarmonie_L_9,70,1,1.0,0.16666666666666666
L_Haarmonie_L_9,70,2,6.0,0.0
L_Haarmonie_L_9,70,3,3.0,0.0
L_Haarmonie_L_9,70,4,2.0,0.0
L_Haarmonie_L_9,70,5,0.0,1.0
L_Haarmonie_L_9,70,6,8.0,0.0
L_Haarmonie_L_9,70,7,7.0,0.0
L_Ido_1,71,0,0.0,0.6666666666666666
L_Ido_1,71,1,33.0,0.25
L_Ido_1,71,2,34.0,0.3333333333333333
L_Ido_1,71,3,36.0,0.16666666666666666
L_Ido_1,71,4,1.0,0.0
L_Ido_1,71,5,32.0,0.25
L_Ido_1,71,6,2.0,0.0
L_Ido_1,71,7,4.0,0.0
L_Ido_10,72,0,16.0,1.0
L_Ido_10,72,1,10.0,1.0
L_Ido_10,72,2,17.0,1.0
L_Ido_10,72,3,11.0,1.0
L_Ido_10,72,4,23.0,0.8333333333333334
L_Ido_10,72,5,1.0,0.0
L_Ido_10,72,6,12.0,0.8333333333333334
L_Ido_10,72,7,18.0,0.8333333333333334
L_Ido_11,73,0,6.0,1.0
L_Ido_11,73,1,0.0,1.0
L_Ido_11,73,2,7.0,1.0
L_Ido_11,73,3,1.0,1.0
L_Ido_11,73,4,13.0,0.8333333333333334
L_Ido_11,73,5,8.0,0.9166666666666666
L_Ido_11,73,6,2.0,0.9166666666666666
L_Ido_11,73,7,45.0,0.08333333333333333
L_Ido_2,74,0,37.0,0.9166666666666666
L_Ido_2,74,1,36.0,0.75
L_Ido_2,74,2,2.0,0.0
L_Ido_2,74,3,33.0,0.0
L_Ido_2,74,4,32.0,0.0
L_Ido_2,74,5,0.0,0.0
L_Ido_2,74,6,35.0,0.0
L_Ido_2,74,7,3.0,0.0
L_Ido_3,75,0,46.0,0.0
L_Ido_3,75,1,2.0,0.9166666666666666
L_Ido_3,75,2,42.0,0.0
L_Ido_3,75,3,49.0,0.0
L_Ido_3,75,4,47.0,0.0
L_Ido_3,75,5,43.0,0.0
L_Ido_3,75,6,27.0,0.9166666666666666
L_Ido_3,75,7,45.0,0.0
L_Ido_4,76,0,78.0,0.8333333333333334
L_Ido_4,76,1,46.0,0.0
L_Ido_4,76,2,42.0,0.0
L_Ido_4,76,3,49.0,0.0
L_Ido_4,76,4,47.0,0.0
L_Ido_4,76,5,43.0,0.0
L_Ido_4,76,6,45.0,0.0
L_Ido_4,76,7,50.0,0.0
L_Ido_5,77,0,72.0,0.0
L_Ido_5,77,1,27.0,0.75
L_Ido_5,77,2,68.0,0.0
L_Ido_5,77,3,69.0,0.0
L_Ido_5,77,4,73.0,0.0
L_Ido_5,77,5,52.0,0.75
L_Ido_5,77,6,75.0,0.0
L_Ido_5,77,7,30.0,0.6666666666666666
L_Ido_6,78,0,31.0,0.08333333333333333
L_Ido_6,78,1,32.0,0.0
L_Ido_6,78,2,27.0,0.0
L_Ido_6,78,3,28.0,0.0
L_Ido_6,78,4,30.0,0.0
L_Ido_6,78,5,34.0,0.0
L_Ido_6,78,6,37.0,0.6666666666666666
L_Ido_6,78,7,61.0,0.6666666666666666
L_Ido_7_1,79,0,42.0,1.0
L_Ido_7_1,79,1,36.0,1.0
L_Ido_7_1,79,2,37.0,1.0
L_Ido_7_1,79,3,43.0,1.0
L_Ido_7_1,79,4,49.0,0.75
L_Ido_7_1,79,5,38.0,0.8333333333333334
L_Ido_7_1,79,6,44.0,0.8333333333333334
L_Ido_7_1,79,7,5.0,0.0
L_Ido_7_2,80,0,36.0,0.9166666666666666
L_Ido_7_2,80,1,42.0,0.9166666666666666
L_Ido_7_2,80,2,37.0,0.9166666666666666
L_Ido_7_2,80,3,43.0,0.9166666666666666
L_Ido_7_2,80,4,49.0,0.6666666666666666
L_Ido_7_2,80,5,38.0,0.8333333333333334
L_Ido_7_2,80,6,44.0,0.8333333333333334
L_Ido_7_2,80,7,48.0,0.8333333333333334
L_Ido_8_1,81,0,50.0,0.6666666666666666
L_Ido_8_1,81,1,36.0,1.0
L_Ido_8_1,81,2,42.0,1.0
L_Ido_8_1,81,3,5.0,0.0
L_Ido_8_1,81,4,43.0,1.0
L_Ido_8_1,81,5,37.0,1.0
L_Ido_8_1,81,6,38.0,0.5
L_Ido_8_1,81,7,44.0,0.5
L_Ido_8_2,82,0,50.0,0.6666666666666666
L_Ido_8_2,82,1,36.0,1.0
L_Ido_8_2,82,2,42.0,1.0
L_Ido_8_2,82,3,37.0,1.0
L_Ido_8_2,82,4,43.0,1.0
L_Ido_8_2,82,5,5.0,0.0
L_Ido_8_2,82,6,1.0,0.0
L_Ido_8_2,82,7,8.0,0.0
L_Ido_9,83,0,0.0,0.6666666666666666
L_Ido_9,83,1,37.0,0.9166666666666666
L_Ido_9,83,2,43.0,0.9166666666666666
L_Ido_9,83,3,44.0,0.9166666666666666
L_Ido_9,83,4,38.0,0.9166666666666666
L_Ido_9,83,5,6.0,0.0
L_Ido_9,83,6,50.0,0.5833333333333334
L_Ido_9,83,7,7.0,0.0
L_Ja╠êger_1,84,0,10.0,1.0
L_Ja╠êger_1,84,1,8.0,1.0
L_Ja╠êger_1,84,2,9.0,1.0
L_Ja╠êger_1,84,3,5.0,0.0
L_Ja╠êger_1,84,4,2.0,1.0
L_Ja╠êger_1,84,5,4.0,0.0
L_Ja╠êger_1,84,6,1.0,1.0
L_Ja╠êger_1,84,7,0.0,1.0
L_Ja╠êger_2,85,0,10.0,0.9166666666666666
L_Ja╠êger_2,85,1,7.0,1.0
L_Ja╠êger_2,85,2,8.0,0.8333333333333334
L_Ja╠êger_2,85,3,5.0,0.8333333333333334
L_Ja╠êger_2,85,4,12.0,0.8333333333333334
L_Ja╠êger_2,85,5,2.0,0.0
L_Ja╠êger_2,85,6,1.0,0.0
L_Ja╠êger_2,85,7,9.0,0.9166666666666666
L_Ja╠êger_3,86,0,1.0,0.0
L_Ja╠êger_3,86,1,4.0,0.0
L_Ja╠êger_3,86,2,2.0,0.0
L_Ja╠êger_3,86,3,3.0,0.0
L_Ja╠êger_3,86,4,5.0,1.0
L_Ja╠êger_3,86,5,7.0,1.0
L_Ja╠êger_3,86,6,8.0,1.0
L_Ja╠êger_3,86,7,6.0,1.0
L_Ja╠êger_4,87,0,6.0,0.9166666666666666
L_Ja╠êger_4,87,1,5.0,1.0
L_Ja╠êger_4,87,2,1.0,0.08333333333333333
L_Ja╠êger_4,87,3,4.0,0.08333333333333333
L_Ja╠êger_4,87,4,2.0,0.08333333333333333
L_Ja╠êger_4,87,5,3.0,0.08333333333333333
L_Ja╠êger_4,87,6,0.0,0.16666666666666666
L_Ja╠êger_5,88,0,1.0,0.0
L_Ja╠êger_5,88,1,4.0,0.0
L_Ja╠êger_5,88,2,7.0,1.0
L_Ja╠êger_5,88,3,6.0,1.0
L_Ja╠êger_5,88,4,5.0,1.0
L_Ja╠êger_5,88,5,8.0,1.0
L_Ja╠êger_5,88,6,2.0,0.0
L_Ja╠êger_5,88,7,3.0,0.0
L_Ja╠êger_6,89,0,1.0,0.0
L_Ja╠êger_6,89,1,4.0,0.0
L_Ja╠êger_6,89,2,2.0,0.0
L_Ja╠êger_6,89,3,3.0,0.0
L_Ja╠êger_6,89,4,9.0,0.9166666666666666
L_Ja╠êger_6,89,5,8.0,1.0
L_Ja╠êger_6,89,6,7.0,0.9166666666666666
L_Ja╠êger_6,89,7,10.0,0.9166666666666666
L_Ja╠êger_7,90,0,7.0,1.0
L_Ja╠êger_7,90,1,2.0,0.08333333333333333
L_Ja╠êger_7,90,2,5.0,0.08333333333333333
L_Ja╠êger_7,90,3,3.0,0.08333333333333333
L_Ja╠êger_7,90,4,8.0,0.9166666666666666
L_Ja╠êger_7,90,5,4.0,0.08333333333333333
L_Ja╠êger_7,90,6,0.0,0.9166666666666666
L_Ja╠êger_7,90,7,1.0,0.08333333333333333
L_Kinesiologie_01,91,0,21.0,0.9166666666666666
L_Kinesiologie_01,91,1,22.0,0.9166666666666666
L_Kinesiologie_01,91,2,18.0,0.0
L_Kinesiologie_01,91,3,9.0,0.0
L_Kinesiologie_01,91,4,0.0,0.0
L_Kinesiologie_01,91,5,7.0,0.0
L_Kinesiologie_01,91,6,12.0,0.0
L_Kinesiologie_01,91,7,20.0,0.0
L_Kinesiologie_02_1,92,0,23.0,0.9166666666666666
L_Kinesiologie_02_1,92,1,21.0,1.0
L_Kinesiologie_02_1,92,2,22.0,0.9166666666666666
L_Kinesiologie_02_1,92,3,18.0,0.0
L_Kinesiologie_02_1,92,4,9.0,0.0
L_Kinesiologie_02_1,92,5,7.0,0.0
L_Kinesiologie_02_1,92,6,0.0,0.0
L_Kinesiologie_02_1,92,7,15.0,0.0
L_Kinesiologie_02_2,93,0,22.0,1.0
L_Kinesiologie_02_2,93,1,21.0,1.0
L_Kinesiologie_02_2,93,2,23.0,1.0
L_Kinesiologie_02_2,93,3,18.0,0.0
L_Kinesiologie_02_2,93,4,9.0,0.0
L_Kinesiologie_02_2,93,5,17.0,0.08333333333333333
L_Kinesiologie_02_2,93,6,15.0,0.08333333333333333
L_Kinesiologie_02_2,93,7,11.0,0.0
L_Kinesiologie_03_1,94,0,22.0,1.0
L_Kinesiologie_03_1,94,1,26.0,1.0
L_Kinesiologie_03_1,94,2,11.0,0.0
L_Kinesiologie_03_1,94,3,17.0,0.0
L_Kinesiologie_03_1,94,4,15.0,0.0
L_Kinesiologie_03_1,94,5,9.0,0.0
L_Kinesiologie_03_1,94,6,18.0,0.0
L_Kinesiologie_03_1,94,7,13.0,0.0
L_Kinesiologie_03_2,95,0,22.0,1.0
L_Kinesiologie_03_2,95,1,26.0,1.0
L_Kinesiologie_03_2,95,2,27.0,1.0
L_Kinesiologie_03_2,95,3,21.0,0.9166666666666666
L_Kinesiologie_03_2,95,4,18.0,0.0
L_Kinesiologie_03_2,95,5,9.0,0.0
L_Kinesiologie_03_2,95,6,0.0,0.0
L_Kinesiologie_03_2,95,7,23.0,0.9166666666666666
L_Kinesiologie_04,96,0,22.0,1.0
L_Kinesiologie_04,96,1,21.0,0.8333333333333334
L_Kinesiologie_04,96,2,8.0,0.0
L_Kinesiologie_04,96,3,1.0,0.0
L_Kinesiologie_04,96,4,15.0,0.0
L_Kinesiologie_04,96,5,9.0,0.0
L_Kinesiologie_04,96,6,17.0,0.0
L_Kinesiologie_04,96,7,7.0,0.0
L_Kinesiologie_05_1,97,0,0.0,1.0
L_Kinesiologie_05_1,97,1,1.0,1.0
L_Kinesiologie_05_1,97,2,20.0,0.0
L_Kinesiologie_05_1,97,3,11.0,0.0
L_Kinesiologie_05_1,97,4,2.0,0.0
L_Kinesiologie_05_1,97,5,9.0,0.0
L_Kinesiologie_05_1,97,6,19.0,0.0
L_Kinesiologie_05_1,97,7,17.0,0.0
L_Kinesiologie_05_2,98,0,21.0,1.0
L_Kinesiologie_05_2,98,1,22.0,0.75
L_Kinesiologie_05_2,98,2,23.0,1.0
L_Kinesiologie_05_2,98,3,24.0,0.75
L_Kinesiologie_05_2,98,4,18.0,0.0
L_Kinesiologie_05_2,98,5,9.0,0.0
L_Kinesiologie_05_2,98,6,0.0,0.0
L_Kinesiologie_05_2,98,7,7.0,0.0
L_Kinesiologie_06,99,0,23.0,1.0
L_Kinesiologie_06,99,1,22.0,1.0
L_Kinesiologie_06,99,2,21.0,1.0
L_Kinesiologie_06,99,3,18.0,0.0
L_Kinesiologie_06,99,4,9.0,0.0
L_Kinesiologie_06,99,5,0.0,0.0
L_Kinesiologie_06,99,6,7.0,0.0
L_Kinesiologie_06,99,7,15.0,0.0
L_Kinesiologie_07,100,0,0.0,1.0
L_Kinesiologie_07,100,1,12.0,0.0
L_Kinesiologie_07,100,2,8.0,0.0
L_Kinesiologie_07,100,3,9.0,0.0
L_Kinesiologie_07,100,4,2.0,0.0
L_Kinesiologie_07,100,5,16.0,0.0
L_Kinesiologie_07,100,6,18.0,0.0
L_Kinesiologie_07,100,7,19.0,0.0
L_Knopf_1,101,0,0.0,0.9166666666666666
L_Knopf_1,101,1,1.0,0.6666666666666666
L_Knopf_1,101,2,3.0,0.6666666666666666
L_Knopf_1,101,3,2.0,0.6666666666666666
L_Knopf_1,101,4,4.0,0.6666666666666666
L_Knopf_1,101,5,5.0,0.5833333333333334
L_Knopf_1,101,6,7.0,0.5833333333333334
L_Knopf_1,101,7,8.0,0.5833333333333334
L_Knopf_2,102,0,0.0,0.9166666666666666
L_Knopf_2,102,1,3.0,0.9166666666666666
L_Knopf_2,102,2,1.0,0.9166666666666666
L_Knopf_2,102,3,2.0,0.9166666666666666
L_Knopf_2,102,4,4.0,0.9166666666666666
L_Knopf_2,102,5,5.0,0.0
L_Knopf_2,102,6,20.0,0.0
L_Knopf_2,102,7,18.0,0.0
L_KranZ_12_2,103,0,0.0,0.5
L_KranZ_12_2,103,1,22.0,1.0
L_KranZ_12_2,103,2,4.0,0.08333333333333333
L_KranZ_12_2,103,3,3.0,0.08333333333333333
L_KranZ_12_2,103,4,21.0,0.9166666666666666
L_KranZ_12_2,103,5,2.0,0.08333333333333333
L_KranZ_12_2,103,6,1.0,0.08333333333333333
L_KranZ_12_2,103,7,19.0,0.0
L_Lesch_1,104,0,0.0,1.0
L_Lesch_1,104,1,2.0,1.0
L_Lesch_1,104,2,3.0,1.0
L_Lesch_1,104,3,9.0,0.0
L_Lesch_1,104,4,7.0,0.0
L_Lesch_1,104,5,4.0,1.0
L_Lesch_1,104,6,6.0,0.0
L_Lesch_1,104,7,8.0,0.0
L_Lesch_10,105,0,25.0,0.9166666666666666
L_Lesch_10,105,1,26.0,0.9166666666666666
L_Lesch_10,105,2,4.0,0.16666666666666666
L_Lesch_10,105,3,1.0,0.16666666666666666
L_Lesch_10,105,4,2.0,0.16666666666666666
L_Lesch_10,105,5,3.0,0.16666666666666666
L_Lesch_10,105,6,0.0,0.16666666666666666
L_Lesch_10,105,7,13.0,0.0
L_Lesch_11,106,0,25.0,0.9166666666666666
L_Lesch_11,106,1,26.0,0.9166666666666666
L_Lesch_11,106,2,4.0,0.08333333333333333
L_Lesch_11,106,3,1.0,0.16666666666666666
L_Lesch_11,106,4,2.0,0.16666666666666666
L_Lesch_11,106,5,3.0,0.16666666666666666
L_Lesch_11,106,6,27.0,0.9166666666666666
L_Lesch_11,106,7,0.0,0.16666666666666666
L_Lesch_12,107,0,25.0,1.0
L_Lesch_12,107,1,24.0,1.0
L_Lesch_12,107,2,26.0,1.0
L_Lesch_12,107,3,4.0,0.08333333333333333
L_Lesch_12,107,4,1.0,0.08333333333333333
L_Lesch_12,107,5,2.0,0.08333333333333333
L_Lesch_12,107,6,3.0,0.08333333333333333
L_Lesch_12,107,7,0.0,0.08333333333333333
L_Lesch_13,108,0,24.0,1.0
L_Lesch_13,108,1,25.0,1.0
L_Lesch_13,108,2,26.0,1.0
L_Lesch_13,108,3,4.0,0.08333333333333333
L_Lesch_13,108,4,1.0,0.08333333333333333
L_Lesch_13,108,5,2.0,0.08333333333333333
L_Lesch_13,108,6,3.0,0.08333333333333333
L_Lesch_13,108,7,0.0,0.08333333333333333
L_Lesch_2,109,0,0.0,1.0
L_Lesch_2,109,1,2.0,1.0
L_Lesch_2,109,2,3.0,1.0
L_Lesch_2,109,3,9.0,0.0
L_Lesch_2,109,4,7.0,0.0
L_Lesch_2,109,5,4.0,1.0
L_Lesch_2,109,6,6.0,0.0
L_Lesch_2,109,7,8.0,0.0
L_Lesch_3,110,0,25.0,1.0
L_Lesch_3,110,1,30.0,1.0
L_Lesch_3,110,2,29.0,1.0
L_Lesch_3,110,3,26.0,1.0
L_Lesch_3,110,4,27.0,1.0
L_Lesch_3,110,5,28.0,1.0
L_Lesch_3,110,6,4.0,0.0
L_Lesch_3,110,7,2.0,0.0
L_Lesch_4,111,0,25.0,0.9166666666666666
L_Lesch_4,111,1,30.0,1.0
L_Lesch_4,111,2,29.0,0.9166666666666666
L_Lesch_4,111,3,26.0,1.0
L_Lesch_4,111,4,27.0,0.9166666666666666
L_Lesch_4,111,5,28.0,1.0
L_Lesch_4,111,6,4.0,0.0
L_Lesch_4,111,7,1.0,0.0
L_Lesch_5,112,0,27.0,0.9166666666666666
L_Lesch_5,112,1,26.0,0.9166666666666666
L_Lesch_5,112,2,24.0,0.8333333333333334
L_Lesch_5,112,3,4.0,0.0
L_Lesch_5,112,4,1.0,0.0
L_Lesch_5,112,5,25.0,0.16666666666666666
L_Lesch_5,112,6,0.0,0.0
L_Lesch_5,112,7,2.0,0.0
L_Lesch_6,113,0,28.0,0.75
L_Lesch_6,113,1,26.0,0.8333333333333334
L_Lesch_6,113,2,24.0,0.75
L_Lesch_6,113,3,4.0,0.16666666666666666
L_Lesch_6,113,4,1.0,0.16666666666666666
L_Lesch_6,113,5,0.0,0.16666666666666666
L_Lesch_6,113,6,2.0,0.16666666666666666
L_Lesch_6,113,7,3.0,0.16666666666666666
L_Lesch_7,114,0,24.0,0.9166666666666666
L_Lesch_7,114,1,26.0,0.9166666666666666
L_Lesch_7,114,2,27.0,0.9166666666666666
L_Lesch_7,114,3,25.0,0.9166666666666666
L_Lesch_7,114,4,29.0,0.9166666666666666
L_Lesch_7,114,5,4.0,0.0
L_Lesch_7,114,6,28.0,0.9166666666666666
L_Lesch_7,114,7,1.0,0.0
L_Lesch_8,115,0,25.0,0.9166666666666666
L_Lesch_8,115,1,26.0,1.0
L_Lesch_8,115,2,4.0,0.08333333333333333
L_Lesch_8,115,3,1.0,0.08333333333333333
L_Lesch_8,115,4,2.0,0.08333333333333333
L_Lesch_8,115,5,3.0,0.08333333333333333
L_Lesch_8,115,6,0.0,0.08333333333333333
L_Lesch_8,115,7,13.0,0.0
L_Lesch_9,116,0,25.0,0.9166666666666666
L_Lesch_9,116,1,26.0,1.0
L_Lesch_9,116,2,4.0,0.08333333333333333
L_Lesch_9,116,3,1.0,0.08333333333333333
L_Lesch_9,116,4,2.0,0.08333333333333333
L_Lesch_9,116,5,3.0,0.08333333333333333
L_Lesch_9,116,6,0.0,0.08333333333333333
L_Lesch_9,116,7,13.0,0.0
L_MTM_01,117,0,1.0,0.75
L_MTM_01,117,1,0.0,0.75
L_MTM_01,117,2,13.0,0.75
L_MTM_01,117,3,14.0,0.5833333333333334
L_MTM_01,117,4,16.0,0.5833333333333334
L_MTM_01,117,5,15.0,0.5833333333333334
L_MTM_01,117,6,2.0,0.0
L_MTM_01,117,7,10.0,0.0
L_MTM_02,118,0,0.0,0.75
L_MTM_02,118,1,14.0,0.75
L_MTM_02,118,2,12.0,0.75
L_MTM_02,118,3,13.0,0.75
L_MTM_02,118,4,1.0,0.0
L_MTM_02,118,5,9.0,0.0
L_MTM_02,118,6,8.0,0.0
L_MTM_02,118,7,11.0,0.0
L_MTM_03,119,0,0.0,0.75
L_MTM_03,119,1,12.0,0.75
L_MTM_03,119,2,14.0,0.75
L_MTM_03,119,3,13.0,0.75
L_MTM_03,119,4,1.0,0.0
L_MTM_03,119,5,9.0,0.0
L_MTM_03,119,6,8.0,0.0
L_MTM_03,119,7,11.0,0.0
L_MTM_04,120,0,0.0,0.75
L_MTM_04,120,1,12.0,0.8333333333333334
L_MTM_04,120,2,14.0,0.8333333333333334
L_MTM_04,120,3,13.0,0.8333333333333334
L_MTM_04,120,4,1.0,0.0
L_MTM_04,120,5,9.0,0.0
L_MTM_04,120,6,8.0,0.0
L_MTM_04,120,7,11.0,0.0
L_MTM_05,121,0,15.0,0.5833333333333334
L_MTM_05,121,1,13.0,0.75
L_MTM_05,121,2,11.0,0.5833333333333334
L_MTM_05,121,3,14.0,0.5833333333333334
L_MTM_05,121,4,12.0,0.5833333333333334
L_MTM_05,121,5,18.0,0.5833333333333334
L_MTM_05,121,6,16.0,0.5833333333333334
L_MTM_05,121,7,17.0,0.9166666666666666
L_MTM_06,122,0,11.0,0.8333333333333334
L_MTM_06,122,1,14.0,0.8333333333333334
L_MTM_06,122,2,12.0,0.8333333333333334
L_MTM_06,122,3,13.0,0.9166666666666666
L_MTM_06,122,4,15.0,0.8333333333333334
L_MTM_06,122,5,16.0,0.8333333333333334
L_MTM_06,122,6,17.0,0.8333333333333334
L_MTM_06,122,7,0.0,0.0
L_MTM_07,123,0,15.0,0.9166666666666666
L_MTM_07,123,1,14.0,0.9166666666666666
L_MTM_07,123,2,11.0,0.6666666666666666
L_MTM_07,123,3,13.0,0.6666666666666666
L_MTM_07,123,4,12.0,0.5833333333333334
L_MTM_07,123,5,0.0,0.0
L_MTM_07,123,6,8.0,0.0
L_MTM_07,123,7,7.0,0.0
L_MTM_08,124,0,13.0,0.6666666666666666
L_MTM_08,124,1,11.0,0.6666666666666666
L_MTM_08,124,2,14.0,0.9166666666666666
L_MTM_08,124,3,15.0,0.9166666666666666
L_MTM_08,124,4,0.0,0.0
L_MTM_08,124,5,12.0,0.6666666666666666
L_MTM_08,124,6,8.0,0.0
L_MTM_08,124,7,7.0,0.0
L_MTM_09,125,0,19.0,0.8333333333333334
L_MTM_09,125,1,11.0,0.8333333333333334
L_MTM_09,125,2,0.0,0.0
L_MTM_09,125,3,8.0,0.0
L_MTM_09,125,4,7.0,0.0
L_MTM_09,125,5,5.0,0.0
L_MTM_09,125,6,1.0,0.0
L_MTM_09,125,7,2.0,0.0
L_MTM_10,126,0,57.0,0.8333333333333334
L_MTM_10,126,1,34.0,0.8333333333333334
L_MTM_10,126,2,5.0,0.8333333333333334
L_MTM_10,126,3,67.0,0.4166666666666667
L_MTM_10,126,4,65.0,0.4166666666666667
L_MTM_10,126,5,66.0,0.4166666666666667
L_MTM_10,126,6,20.0,0.0
L_MTM_10,126,7,28.0,0.0
L_MTM_11,127,0,0.0,0.16666666666666666
L_MTM_11,127,1,8.0,0.0
L_MTM_11,127,2,7.0,0.0
L_MTM_11,127,3,10.0,0.0
L_MTM_11,127,4,1.0,0.08333333333333333
L_MTM_11,127,5,5.0,0.0
L_MTM_11,127,6,2.0,0.16666666666666666
L_MTM_11,127,7,3.0,0.16666666666666666
L_MTM_12,128,0,11.0,0.9166666666666666
L_MTM_12,128,1,13.0,0.9166666666666666
L_MTM_12,128,2,12.0,1.0
L_MTM_12,128,3,15.0,0.4166666666666667
L_MTM_12,128,4,14.0,0.4166666666666667
L_MTM_12,128,5,0.0,0.0
L_MTM_12,128,6,8.0,0.0
L_MTM_12,128,7,7.0,0.0
L_MTM_13,129,0,0.0,0.9166666666666666
L_MTM_13,129,1,2.0,0.9166666666666666
L_MTM_13,129,2,1.0,0.9166666666666666
L_MTM_13,129,3,3.0,0.0
L_MTM_13,129,4,11.0,0.0
L_MTM_13,129,5,10.0,0.0
L_MTM_13,129,6,13.0,0.0
L_MTM_13,129,7,4.0,0.0
L_New_net_1,130,0,2.0,0.5
L_New_net_1,130,1,4.0,0.5
L_New_net_1,130,2,0.0,0.5833333333333334
L_New_net_1,130,3,1.0,0.4166666666666667
L_New_net_1,130,4,5.0,0.3333333333333333
L_New_net_1,130,5,6.0,0.25
L_New_net_1,130,6,3.0,0.75
L_New_net_10,131,0,0.0,0.4166666666666667
L_New_net_10,131,1,1.0,0.6666666666666666
L_New_net_10,131,2,2.0,0.5833333333333334
L_New_net_10,131,3,4.0,0.25
L_New_net_10,131,4,3.0,0.3333333333333333
L_New_net_10,131,5,5.0,0.16666666666666666
L_New_net_10,131,6,6.0,0.6666666666666666
L_New_net_2,132,0,2.0,0.5
L_New_net_2,132,1,4.0,0.5
L_New_net_2,132,2,0.0,0.6666666666666666
L_New_net_2,132,3,5.0,0.16666666666666666
L_New_net_2,132,4,1.0,0.5
L_New_net_2,132,5,6.0,0.16666666666666666
L_New_net_2,132,6,3.0,0.6666666666666666
L_New_net_3,133,0,2.0,0.5
L_New_net_3,133,1,0.0,0.6666666666666666
L_New_net_3,133,2,3.0,0.4166666666666667
L_New_net_3,133,3,1.0,0.4166666666666667
L_New_net_3,133,4,4.0,0.3333333333333333
L_New_net_3,133,5,5.0,0.25
L_New_net_3,133,6,6.0,0.75
L_New_net_4,134,0,5.0,0.3333333333333333
L_New_net_4,134,1,1.0,0.4166666666666667
L_New_net_4,134,2,2.0,0.5
L_New_net_4,134,3,4.0,0.5
L_New_net_4,134,4,0.0,0.75
L_New_net_4,134,5,6.0,0.25
L_New_net_4,134,6,3.0,0.6666666666666666
L_New_net_5,135,0,4.0,0.5
L_New_net_5,135,1,0.0,0.6666666666666666
L_New_net_5,135,2,2.0,0.5
L_New_net_5,135,3,5.0,0.25
L_New_net_5,135,4,1.0,0.5
L_New_net_5,135,5,6.0,0.3333333333333333
L_New_net_5,135,6,3.0,0.6666666666666666
L_New_net_6,136,0,0.0,0.25
L_New_net_6,136,1,1.0,0.5
L_New_net_6,136,2,2.0,0.3333333333333333
L_New_net_6,136,3,8.0,0.3333333333333333
L_New_net_6,136,4,7.0,0.4166666666666667
L_New_net_6,136,5,6.0,0.16666666666666666
L_New_net_6,136,6,5.0,0.75
L_New_net_6,136,7,3.0,0.75
L_New_net_7,137,0,2.0,0.5
L_New_net_7,137,1,0.0,0.75
L_New_net_7,137,2,3.0,0.5833333333333334
L_New_net_7,137,3,1.0,0.5
L_New_net_7,137,4,4.0,0.3333333333333333
L_New_net_7,137,5,5.0,0.3333333333333333
L_New_net_7,137,6,6.0,0.75
L_New_net_8,138,0,2.0,0.4166666666666667
L_New_net_8,138,1,0.0,0.6666666666666666
L_New_net_8,138,2,4.0,0.5
L_New_net_8,138,3,5.0,0.25
L_New_net_8,138,4,1.0,0.4166666666666667
L_New_net_8,138,5,6.0,0.25
L_New_net_8,138,6,3.0,0.75
L_New_net_9,139,0,5.0,0.4166666666666667
L_New_net_9,139,1,3.0,0.5833333333333334
L_New_net_9,139,2,1.0,0.75
L_New_net_9,139,3,2.0,0.25
L_New_net_9,139,4,0.0,0.4166666666666667
L_New_net_9,139,5,4.0,0.25
L_New_net_9,139,6,6.0,0.6666666666666666
L_No_S_1,140,0,12.0,0.8333333333333334
L_No_S_1,140,1,10.0,0.9166666666666666
L_No_S_1,140,2,11.0,0.9166666666666666
L_No_S_1,140,3,9.0,0.0
L_No_S_1,140,4,5.0,0.0
L_No_S_1,140,5,0.0,0.0
L_No_S_1,140,6,1.0,0.0
L_No_S_1,140,7,3.0,0.0
L_No_S_2,141,0,12.0,0.8333333333333334
L_No_S_2,141,1,11.0,0.9166666666666666
L_No_S_2,141,2,10.0,0.9166666666666666
L_No_S_2,141,3,9.0,0.0
L_No_S_2,141,4,0.0,0.0
L_No_S_2,141,5,5.0,0.0
L_No_S_2,141,6,1.0,0.0
L_No_S_2,141,7,3.0,0.0
L_No_S_3,142,0,12.0,0.9166666666666666
L_No_S_3,142,1,10.0,0.8333333333333334
L_No_S_3,142,2,11.0,0.8333333333333334
L_No_S_3,142,3,9.0,0.0
L_No_S_3,142,4,5.0,0.0
L_No_S_3,142,5,1.0,0.0
L_No_S_3,142,6,0.0,0.0
L_No_S_3,142,7,3.0,0.0
L_No_S_4,143,0,3.0,1.0
L_No_S_4,143,1,4.0,1.0
L_No_S_4,143,2,11.0,0.0
L_No_S_4,143,3,1.0,0.0
L_No_S_4,143,4,0.0,0.0
L_No_S_4,143,5,5.0,0.0
L_No_S_4,143,6,7.0,0.0
L_No_S_4,143,7,2.0,0.9166666666666666
L_No_S_5,144,0,0.0,0.9166666666666666
L_No_S_5,144,1,1.0,0.75
L_No_S_5,144,2,2.0,0.75
L_No_S_5,144,3,10.0,0.0
L_No_S_5,144,4,6.0,0.0
L_No_S_5,144,5,4.0,0.0
L_No_S_5,144,6,9.0,0.0
L_No_S_5,144,7,3.0,0.0
L_No_S_6,145,0,13.0,0.8333333333333334
L_No_S_6,145,1,14.0,0.8333333333333334
L_No_S_6,145,2,9.0,0.0
L_No_S_6,145,3,5.0,0.0
L_No_S_6,145,4,3.0,0.0
L_No_S_6,145,5,2.0,0.0
L_No_S_6,145,6,0.0,0.25
L_No_S_6,145,7,1.0,0.25
L_No_S_7,146,0,0.0,0.8333333333333334
L_No_S_7,146,1,1.0,0.0
L_No_S_7,146,2,2.0,0.0
L_No_S_7,146,3,15.0,0.0
L_No_S_7,146,4,16.0,0.0
L_No_S_7,146,5,8.0,0.5833333333333334
L_No_S_7,146,6,3.0,0.0
L_No_S_7,146,7,14.0,0.5833333333333334
L_Prime_People_1,147,0,11.0,1.0
L_Prime_People_1,147,1,3.0,0.0
L_Prime_People_1,147,2,5.0,0.0
L_Prime_People_1,147,3,4.0,0.0
L_Prime_People_1,147,4,0.0,0.0
L_Prime_People_1,147,5,9.0,0.0
L_Prime_People_1,147,6,7.0,0.0
L_Prime_People_1,147,7,6.0,0.0
L_Prime_People_10_1,148,0,11.0,0.9166666666666666
L_Prime_People_10_1,148,1,12.0,0.9166666666666666
L_Prime_People_10_1,148,2,13.0,1.0
L_Prime_People_10_1,148,3,3.0,0.0
L_Prime_People_10_1,148,4,8.0,0.0
L_Prime_People_10_1,148,5,5.0,0.0
L_Prime_People_10_1,148,6,0.0,0.0
L_Prime_People_10_1,148,7,7.0,0.0
L_Prime_People_10_2,149,0,11.0,0.9166666666666666
L_Prime_People_10_2,149,1,12.0,0.9166666666666666
L_Prime_People_10_2,149,2,13.0,1.0
L_Prime_People_10_2,149,3,3.0,0.0
L_Prime_People_10_2,149,4,0.0,0.0
L_Prime_People_10_2,149,5,5.0,0.0
L_Prime_People_10_2,149,6,8.0,0.0
L_Prime_People_10_2,149,7,7.0,0.0
L_Prime_People_10_3,150,0,11.0,0.9166666666666666
L_Prime_People_10_3,150,1,12.0,0.9166666666666666
L_Prime_People_10_3,150,2,3.0,0.0
L_Prime_People_10_3,150,3,0.0,0.16666666666666666
L_Prime_People_10_3,150,4,5.0,0.16666666666666666
L_Prime_People_10_3,150,5,8.0,0.08333333333333333
L_Prime_People_10_3,150,6,7.0,0.0
L_Prime_People_10_3,150,7,6.0,0.0
L_Prime_People_11,151,0,1.0,1.0
L_Prime_People_11,151,1,14.0,1.0
L_Prime_People_11,151,2,12.0,0.0
L_Prime_People_11,151,3,6.0,0.0
L_Prime_People_11,151,4,2.0,0.08333333333333333
L_Prime_People_11,151,5,7.0,0.0
L_Prime_People_11,151,6,10.0,0.0
L_Prime_People_11,151,7,15.0,1.0
L_Prime_People_2_1,152,0,13.0,1.0
L_Prime_People_2_1,152,1,12.0,1.0
L_Prime_People_2_1,152,2,11.0,1.0
L_Prime_People_2_1,152,3,3.0,0.0
L_Prime_People_2_1,152,4,8.0,0.0
L_Prime_People_2_1,152,5,5.0,0.0
L_Prime_People_2_1,152,6,0.0,0.08333333333333333
L_Prime_People_2_1,152,7,7.0,0.0
L_Prime_People_2_2,153,0,12.0,0.9166666666666666
L_Prime_People_2_2,153,1,11.0,1.0
L_Prime_People_2_2,153,2,3.0,0.0
L_Prime_People_2_2,153,3,8.0,0.0
L_Prime_People_2_2,153,4,0.0,0.08333333333333333
L_Prime_People_2_2,153,5,5.0,0.08333333333333333
L_Prime_People_2_2,153,6,4.0,0.0
L_Prime_People_2_2,153,7,7.0,0.0
L_Prime_People_3,154,0,13.0,0.5833333333333334
L_Prime_People_3,154,1,12.0,0.5833333333333334
L_Prime_People_3,154,2,3.0,0.0
L_Prime_People_3,154,3,0.0,0.16666666666666666
L_Prime_People_3,154,4,5.0,0.4166666666666667
L_Prime_People_3,154,5,8.0,0.16666666666666666
L_Prime_People_3,154,6,6.0,0.0
L_Prime_People_3,154,7,7.0,0.0
L_Prime_People_4,155,0,11.0,0.9166666666666666
L_Prime_People_4,155,1,12.0,1.0
L_Prime_People_4,155,2,3.0,0.0
L_Prime_People_4,155,3,0.0,0.08333333333333333
L_Prime_People_4,155,4,5.0,0.08333333333333333
L_Prime_People_4,155,5,8.0,0.0
L_Prime_People_4,155,6,7.0,0.0
L_Prime_People_4,155,7,4.0,0.0
L_Prime_People_5_1,156,0,19.0,1.0
L_Prime_People_5_1,156,1,20.0,0.75
L_Prime_People_5_1,156,2,21.0,0.75
L_Prime_People_5_1,156,3,17.0,0.0
L_Prime_People_5_1,156,4,8.0,0.0
L_Prime_People_5_1,156,5,6.0,0.08333333333333333
L_Prime_People_5_1,156,6,0.0,0.08333333333333333
L_Prime_People_5_1,156,7,14.0,0.0
L_Prime_People_5_2,157,0,12.0,1.0
L_Prime_People_5_2,157,1,13.0,0.75
L_Prime_People_5_2,157,2,14.0,0.75
L_Prime_People_5_2,157,3,10.0,0.0
L_Prime_People_5_2,157,4,5.0,0.0
L_Prime_People_5_2,157,5,0.0,0.08333333333333333
L_Prime_People_5_2,157,6,4.0,0.08333333333333333
L_Prime_People_5_2,157,7,8.0,0.0
L_Prime_People_6,158,0,11.0,1.0
L_Prime_People_6,158,1,3.0,0.0
L_Prime_People_6,158,2,7.0,0.0
L_Prime_People_6,158,3,1.0,0.0
L_Prime_People_6,158,4,8.0,0.0
L_Prime_People_6,158,5,5.0,0.08333333333333333
L_Prime_People_6,158,6,0.0,0.0
L_Prime_People_6,158,7,4.0,0.0
L_Prime_People_7_1,159,0,12.0,0.8333333333333334
L_Prime_People_7_1,159,1,3.0,0.0
L_Prime_People_7_1,159,2,0.0,0.0
L_Prime_People_7_1,159,3,8.0,0.0
L_Prime_People_7_1,159,4,5.0,0.0
L_Prime_People_7_1,159,5,11.0,1.0
L_Prime_People_7_1,159,6,10.0,0.0
L_Prime_People_7_1,159,7,6.0,0.0
L_Prime_People_7_2,160,0,12.0,0.9166666666666666
L_Prime_People_7_2,160,1,11.0,1.0
L_Prime_People_7_2,160,2,3.0,0.0
L_Prime_People_7_2,160,3,5.0,0.0
L_Prime_People_7_2,160,4,8.0,0.0
L_Prime_People_7_2,160,5,0.0,0.0
L_Prime_People_7_2,160,6,10.0,0.0
L_Prime_People_7_2,160,7,6.0,0.0
L_Prime_People_8,161,0,0.0,1.0
L_Prime_People_8,161,1,4.0,0.0
L_Prime_People_8,161,2,9.0,0.0
L_Prime_People_8,161,3,1.0,0.08333333333333333
L_Prime_People_8,161,4,8.0,0.0
L_Prime_People_8,161,5,5.0,0.0
L_Prime_People_8,161,6,7.0,0.0
L_Prime_People_8,161,7,11.0,0.0
L_Prime_People_9,162,0,13.0,1.0
L_Prime_People_9,162,1,11.0,0.9166666666666666
L_Prime_People_9,162,2,10.0,0.0
L_Prime_People_9,162,3,1.0,0.0
L_Prime_People_9,162,4,0.0,0.0
L_Prime_People_9,162,5,6.0,0.16666666666666666
L_Prime_People_9,162,6,4.0,0.0
L_Prime_People_9,162,7,3.0,0.0
L_Renz_01,163,0,13.0,1.0
L_Renz_01,163,1,14.0,1.0
L_Renz_01,163,2,0.0,0.16666666666666666
L_Renz_01,163,3,1.0,0.0
L_Renz_01,163,4,2.0,0.0
L_Renz_01,163,5,3.0,0.0
L_Renz_01,163,6,9.0,0.0
L_Renz_01,163,7,10.0,0.0
L_Renz_02,164,0,13.0,1.0
L_Renz_02,164,1,14.0,1.0
L_Renz_02,164,2,0.0,0.08333333333333333
L_Renz_02,164,3,1.0,0.0
L_Renz_02,164,4,2.0,0.0
L_Renz_02,164,5,3.0,0.0
L_Renz_02,164,6,10.0,0.0
L_Renz_02,164,7,9.0,0.0
L_Renz_03,165,0,1.0,1.0
L_Renz_03,165,1,0.0,1.0
L_Renz_03,165,2,2.0,0.08333333333333333
L_Renz_03,165,3,3.0,0.0
L_Renz_03,165,4,4.0,0.0
L_Renz_03,165,5,5.0,0.0
L_Renz_03,165,6,12.0,0.0
L_Renz_03,165,7,11.0,0.0
L_Renz_04,166,0,13.0,0.9166666666666666
L_Renz_04,166,1,14.0,0.9166666666666666
L_Renz_04,166,2,0.0,0.25
L_Renz_04,166,3,1.0,0.16666666666666666
L_Renz_04,166,4,2.0,0.25
L_Renz_04,166,5,3.0,0.25
L_Renz_04,166,6,10.0,0.0
L_Renz_04,166,7,9.0,0.0
L_Renz_05,167,0,15.0,0.6666666666666666
L_Renz_05,167,1,0.0,0.08333333333333333
L_Renz_05,167,2,13.0,1.0
L_Renz_05,167,3,14.0,1.0
L_Renz_05,167,4,2.0,0.08333333333333333
L_Renz_05,167,5,1.0,0.08333333333333333
L_Renz_05,167,6,3.0,0.08333333333333333
L_Renz_05,167,7,10.0,0.0
L_Renz_06,168,0,38.0,0.25
L_Renz_06,168,1,39.0,0.16666666666666666
L_Renz_06,168,2,40.0,0.16666666666666666
L_Renz_06,168,3,41.0,0.16666666666666666
L_Renz_06,168,4,15.0,0.6666666666666666
L_Renz_06,168,5,18.0,0.6666666666666666
L_Renz_06,168,6,17.0,0.6666666666666666
L_Renz_06,168,7,14.0,0.6666666666666666
L_Renz_07,169,0,37.0,0.25
L_Renz_07,169,1,38.0,0.25
L_Renz_07,169,2,39.0,0.25
L_Renz_07,169,3,40.0,0.3333333333333333
L_Renz_07,169,4,10.0,0.6666666666666666
L_Renz_07,169,5,17.0,0.6666666666666666
L_Renz_07,169,6,9.0,0.6666666666666666
L_Renz_07,169,7,14.0,0.6666666666666666
L_Renz_08,170,0,9.0,0.16666666666666666
L_Renz_08,170,1,10.0,0.16666666666666666
L_Renz_08,170,2,11.0,0.16666666666666666
L_Renz_08,170,3,12.0,0.25
L_Renz_08,170,4,18.0,0.75
L_Renz_08,170,5,19.0,0.75
L_Renz_08,170,6,14.0,0.75
L_Renz_08,170,7,13.0,0.75
L_Renz_09,171,0,9.0,1.0
L_Renz_09,171,1,10.0,1.0
L_Renz_09,171,2,11.0,0.16666666666666666
L_Renz_09,171,3,12.0,0.08333333333333333
L_Renz_09,171,4,13.0,0.08333333333333333
L_Renz_09,171,5,14.0,0.08333333333333333
L_Renz_09,171,6,5.0,0.0
L_Renz_09,171,7,6.0,0.0
L_Renz_10,172,0,9.0,0.9166666666666666
L_Renz_10,172,1,11.0,0.9166666666666666
L_Renz_10,172,2,10.0,0.9166666666666666
L_Renz_10,172,3,12.0,0.08333333333333333
L_Renz_10,172,4,14.0,0.08333333333333333
L_Renz_10,172,5,13.0,0.08333333333333333
L_Renz_10,172,6,15.0,0.08333333333333333
L_Renz_10,172,7,6.0,0.0
L_Sonja_1,173,0,0.0,0.8333333333333334
L_Sonja_1,173,1,5.0,0.0
L_Sonja_1,173,2,6.0,0.0
L_Sonja_1,173,3,1.0,0.0
L_Sonja_1,173,4,4.0,0.0
L_Sonja_1,173,5,7.0,0.0
L_Sonja_1,173,6,2.0,0.0
L_Sonja_1,173,7,9.0,0.0
L_Sonja_2,174,0,11.0,0.5833333333333334
L_Sonja_2,174,1,12.0,0.25
L_Sonja_2,174,2,0.0,0.25
L_Sonja_2,174,3,1.0,0.0
L_Sonja_2,174,4,2.0,0.0
L_Sonja_2,174,5,3.0,0.0
L_Sonja_2,174,6,4.0,0.0
L_Sonja_2,174,7,5.0,0.0
L_Sonja_3,175,0,8.0,0.4166666666666667
L_Sonja_3,175,1,0.0,0.5
L_Sonja_3,175,2,3.0,0.16666666666666666
L_Sonja_3,175,3,4.0,0.16666666666666666
L_Sonja_3,175,4,11.0,0.0
L_Sonja_3,175,5,18.0,0.0
L_Sonja_3,175,6,17.0,0.0
L_Sonja_3,175,7,16.0,0.0
L_Sonja_4,176,0,8.0,0.6666666666666666
L_Sonja_4,176,1,0.0,0.6666666666666666
L_Sonja_4,176,2,11.0,0.0
L_Sonja_4,176,3,4.0,0.0
L_Sonja_4,176,4,3.0,0.0
L_Sonja_4,176,5,6.0,0.0
L_Sonja_4,176,6,12.0,0.0
L_Sonja_4,176,7,10.0,0.0
L_Sonja_5,177,0,10.0,0.0
L_Sonja_5,177,1,7.0,0.08333333333333333
L_Sonja_5,177,2,0.0,0.5
L_Sonja_5,177,3,12.0,0.0
L_Sonja_5,177,4,3.0,0.0
L_Sonja_5,177,5,4.0,0.0
L_Sonja_5,177,6,9.0,0.0
L_Sonja_5,177,7,1.0,0.0
L_Weidenbachhof_1,178,0,13.0,1.0
L_Weidenbachhof_1,178,1,0.0,0.25
L_Weidenbachhof_1,178,2,6.0,0.0
L_Weidenbachhof_1,178,3,3.0,0.0
L_Weidenbachhof_1,178,4,9.0,0.0
L_Weidenbachhof_1,178,5,10.0,0.0
L_Weidenbachhof_1,178,6,5.0,0.0
L_Weidenbachhof_1,178,7,11.0,0.0
L_Weidenbachhof_2,179,0,14.0,1.0
L_Weidenbachhof_2,179,1,13.0,1.0
L_Weidenbachhof_2,179,2,0.0,0.16666666666666666
L_Weidenbachhof_2,179,3,6.0,0.0
L_Weidenbachhof_2,179,4,3.0,0.0
L_Weidenbachhof_2,179,5,10.0,0.0
L_Weidenbachhof_2,179,6,9.0,0.0
L_Weidenbachhof_2,179,7,5.0,0.0
L_Weidenbachhof_3,180,0,13.0,1.0
L_Weidenbachhof_3,180,1,0.0,0.25
L_Weidenbachhof_3,180,2,3.0,0.0
L_Weidenbachhof_3,180,3,6.0,0.0
L_Weidenbachhof_3,180,4,9.0,0.0
L_Weidenbachhof_3,180,5,10.0,0.0
L_Weidenbachhof_3,180,6,12.0,0.0
L_Weidenbachhof_3,180,7,7.0,0.0
L_Weidenbachhof_4,181,0,14.0,1.0
L_Weidenbachhof_4,181,1,13.0,1.0
L_Weidenbachhof_4,181,2,0.0,0.16666666666666666
L_Weidenbachhof_4,181,3,3.0,0.0
L_Weidenbachhof_4,181,4,6.0,0.0
L_Weidenbachhof_4,181,5,10.0,0.0
L_Weidenbachhof_4,181,6,9.0,0.0
L_Weidenbachhof_4,181,7,7.0,0.0
L_Weidenbachhof_5,182,0,13.0,1.0
L_Weidenbachhof_5,182,1,0.0,0.08333333333333333
L_Weidenbachhof_5,182,2,3.0,0.0
L_Weidenbachhof_5,182,3,6.0,0.0
L_Weidenbachhof_5,182,4,10.0,0.0
L_Weidenbachhof_5,182,5,9.0,0.0
L_Weidenbachhof_5,182,6,11.0,0.0
L_Weidenbachhof_5,182,7,7.0,0.0
L_Weidenbachhof_6,183,0,13.0,1.0
L_Weidenbachhof_6,183,1,14.0,1.0
L_Weidenbachhof_6,183,2,0.0,0.16666666666666666
L_Weidenbachhof_6,183,3,3.0,0.0
L_Weidenbachhof_6,183,4,6.0,0.0
L_Weidenbachhof_6,183,5,10.0,0.0
L_Weidenbachhof_6,183,6,9.0,0.0
L_Weidenbachhof_6,183,7,5.0,0.0
L_Weidenbachhof_7_1,184,0,23.0,0.9166666666666666
L_Weidenbachhof_7_1,184,1,13.0,1.0
L_Weidenbachhof_7_1,184,2,0.0,0.08333333333333333
L_Weidenbachhof_7_1,184,3,3.0,0.0
L_Weidenbachhof_7_1,184,4,6.0,0.0
L_Weidenbachhof_7_1,184,5,10.0,0.0
L_Weidenbachhof_7_1,184,6,9.0,0.0
L_Weidenbachhof_7_1,184,7,11.0,0.0
L_Weidenbachhof_7_2,185,0,13.0,1.0
L_Weidenbachhof_7_2,185,1,0.0,0.25
L_Weidenbachhof_7_2,185,2,3.0,0.0
L_Weidenbachhof_7_2,185,3,6.0,0.0
L_Weidenbachhof_7_2,185,4,9.0,0.0
L_Weidenbachhof_7_2,185,5,10.0,0.0
L_Weidenbachhof_7_2,185,6,11.0,0.0
L_Weidenbachhof_7_2,185,7,5.0,0.0
L_Weidenbachhof_7_3,186,0,22.0,1.0
L_Weidenbachhof_7_3,186,1,0.0,0.08333333333333333
L_Weidenbachhof_7_3,186,2,3.0,0.0
L_Weidenbachhof_7_3,186,3,6.0,0.0
L_Weidenbachhof_7_3,186,4,9.0,0.0
L_Weidenbachhof_7_3,186,5,10.0,0.0
L_Weidenbachhof_7_3,186,6,5.0,0.0
L_Weidenbachhof_7_3,186,7,11.0,0.0
L_Weidenbachhof_8_1,187,0,23.0,0.9166666666666666
L_Weidenbachhof_8_1,187,1,13.0,0.9166666666666666
L_Weidenbachhof_8_1,187,2,0.0,0.08333333333333333
L_Weidenbachhof_8_1,187,3,3.0,0.0
L_Weidenbachhof_8_1,187,4,5.0,0.0
L_Weidenbachhof_8_1,187,5,6.0,0.0
L_Weidenbachhof_8_1,187,6,7.0,0.0
L_Weidenbachhof_8_1,187,7,4.0,0.0
L_Weidenbachhof_8_2,188,0,13.0,1.0
L_Weidenbachhof_8_2,188,1,0.0,0.25
L_Weidenbachhof_8_2,188,2,5.0,0.0
L_Weidenbachhof_8_2,188,3,3.0,0.0
L_Weidenbachhof_8_2,188,4,6.0,0.0
L_Weidenbachhof_8_2,188,5,7.0,0.0
L_Weidenbachhof_8_2,188,6,1.0,0.0
L_Weidenbachhof_8_2,188,7,4.0,0.0
L_Weidenbachhof_8_3,189,0,13.0,0.9166666666666666
L_Weidenbachhof_8_3,189,1,0.0,0.25
L_Weidenbachhof_8_3,189,2,6.0,0.0
L_Weidenbachhof_8_3,189,3,3.0,0.0
L_Weidenbachhof_8_3,189,4,9.0,0.0
L_Weidenbachhof_8_3,189,5,10.0,0.0
L_Weidenbachhof_8_3,189,6,11.0,0.0
L_Weidenbachhof_8_3,189,7,7.0,0.0
L_Weidenbachhof_9_1,190,0,26.0,0.9166666666666666
L_Weidenbachhof_9_1,190,1,13.0,0.9166666666666666
L_Weidenbachhof_9_1,190,2,6.0,0.0
L_Weidenbachhof_9_1,190,3,0.0,0.0
L_Weidenbachhof_9_1,190,4,9.0,0.0
L_Weidenbachhof_9_1,190,5,10.0,0.0
L_Weidenbachhof_9_1,190,6,7.0,0.0
L_Weidenbachhof_9_1,190,7,3.0,0.0
L_Weidenbachhof_9_2,191,0,26.0,0.9166666666666666
L_Weidenbachhof_9_2,191,1,13.0,1.0
L_Weidenbachhof_9_2,191,2,0.0,0.0
L_Weidenbachhof_9_2,191,3,6.0,0.0
L_Weidenbachhof_9_2,191,4,5.0,0.0
L_Weidenbachhof_9_2,191,5,10.0,0.0
L_Weidenbachhof_9_2,191,6,9.0,0.0
L_Weidenbachhof_9_2,191,7,7.0,0.0
L_compassus_1,36,0,0.0,1.0
L_compassus_1,36,1,14.0,0.0
L_compassus_1,36,2,15.0,0.0
L_compassus_1,36,3,19.0,0.0
L_compassus_1,36,4,13.0,0.0
L_compassus_1,36,5,16.0,0.0
L_compassus_1,36,6,20.0,0.0
L_compassus_1,36,7,18.0,0.0
L_compassus_2,37,0,0.0,1.0
L_compassus_2,37,1,3.0,0.0
L_compassus_2,37,2,4.0,0.0
L_compassus_2,37,3,5.0,0.0
L_compassus_2,37,4,2.0,0.0
L_compassus_2,37,5,8.0,0.0
L_compassus_2,37,6,9.0,0.0
L_compassus_2,37,7,7.0,0.0
logo_192,192,0,1.0,1.0
logo_192,192,1,19.0,1.0
logo_192,192,2,6.0,0.0
logo_192,192,3,3.0,0.0
logo_192,192,4,7.0,0.0
logo_192,192,5,14.0,0.0
logo_192,192,6,5.0,0.0
logo_192,192,7,12.0,0.0
logo_193,193,0,29.0,1.0
logo_193,193,1,33.0,1.0
logo_193,193,2,34.0,1.0
logo_193,193,3,30.0,1.0
logo_193,193,4,3.0,0.0
logo_193,193,5,2.0,0.0
logo_193,193,6,1.0,0.0
logo_193,193,7,31.0,1.0
logo_194,194,0,23.0,1.0
logo_194,194,1,21.0,1.0
logo_194,194,2,22.0,1.0
logo_194,194,3,4.0,0.0
logo_194,194,4,6.0,0.0
logo_194,194,5,7.0,0.0
logo_194,194,6,2.0,0.0
logo_194,194,7,8.0,0.0
logo_195,195,0,2.0,1.0
logo_195,195,1,3.0,1.0
logo_195,195,2,4.0,1.0
logo_195,195,3,1.0,1.0
logo_195,195,4,10.0,0.0
logo_195,195,5,8.0,0.0
logo_195,195,6,6.0,0.0
logo_195,195,7,7.0,0.0
logo_196,196,0,30.0,1.0
logo_196,196,1,29.0,1.0
logo_196,196,2,3.0,0.0
logo_196,196,3,6.0,0.0
logo_196,196,4,4.0,0.0
logo_196,196,5,7.0,0.0
logo_196,196,6,9.0,0.0
logo_196,196,7,1.0,0.0
logo_197,197,0,18.0,1.0
logo_197,197,1,2.0,1.0
logo_197,197,2,1.0,1.0
logo_197,197,3,5.0,0.0
logo_197,197,4,10.0,0.0
logo_197,197,5,9.0,0.0
logo_197,197,6,13.0,0.0
logo_197,197,7,4.0,0.0
logo_198,198,0,24.0,1.0
logo_198,198,1,26.0,1.0
logo_198,198,2,25.0,0.5
logo_198,198,3,4.0,0.0
logo_198,198,4,2.0,0.0
logo_198,198,5,1.0,0.0
logo_198,198,6,5.0,0.0
logo_198,198,7,8.0,0.0
logo_199,199,0,20.0,0.5
logo_199,199,1,1.0,0.5
logo_199,199,2,4.0,0.3333333333333333
logo_199,199,3,2.0,0.3333333333333333
logo_199,199,4,3.0,0.3333333333333333
logo_199,199,5,21.0,0.3333333333333333
logo_199,199,6,9.0,0.0
logo_199,199,7,12.0,0.0
logo_200,200,0,19.0,1.0
logo_200,200,1,20.0,1.0
logo_200,200,2,1.0,0.0
logo_200,200,3,3.0,0.0
logo_200,200,4,18.0,1.0
logo_200,200,5,6.0,0.0
logo_200,200,6,10.0,0.0
logo_200,200,7,11.0,0.0
logo_201,201,0,0.0,1.0
logo_201,201,1,6.0,1.0
logo_201,201,2,8.0,1.0
logo_201,201,3,4.0,1.0
logo_201,201,4,5.0,1.0
logo_201,201,5,7.0,1.0
logo_201,201,6,1.0,1.0
logo_201,201,7,2.0,1.0
logo_202,202,0,28.0,1.0
logo_202,202,1,18.0,0.0
logo_202,202,2,19.0,0.0
logo_202,202,3,23.0,0.0
logo_202,202,4,22.0,0.0
logo_202,202,5,16.0,0.0
logo_202,202,6,17.0,0.0
logo_202,202,7,21.0,0.0
logo_203,203,0,26.0,1.0
logo_203,203,1,2.0,1.0
logo_203,203,2,1.0,1.0
logo_203,203,3,7.0,0.0
logo_203,203,4,8.0,0.0
logo_203,203,5,14.0,0.0
logo_203,203,6,10.0,0.0
logo_203,203,7,9.0,0.0
logo_204,204,0,5.0,1.0
logo_204,204,1,1.0,1.0
logo_204,204,2,0.0,1.0
logo_205,205,0,11.0,1.0
logo_205,205,1,2.0,0.2
logo_205,205,2,3.0,0.2
logo_205,205,3,4.0,0.2
logo_205,205,4,6.0,0.2
logo_205,205,5,5.0,0.2
logo_205,205,6,7.0,0.2
logo_205,205,7,1.0,0.2
logo_206,206,0,3.0,0.2
logo_206,206,1,1.0,0.2
logo_206,206,2,4.0,0.2
logo_206,206,3,2.0,0.2
logo_206,206,4,24.0,1.0
logo_206,206,5,8.0,0.0
logo_206,206,6,6.0,0.0
logo_206,206,7,10.0,0.0
logo_207,207,0,26.0,1.0
logo_207,207,1,1.0,0.0
logo_207,207,2,0.0,0.0
logo_207,207,3,4.0,0.0
logo_207,207,4,7.0,0.0
logo_207,207,5,3.0,0.0
logo_207,207,6,2.0,0.0
logo_207,207,7,5.0,0.0
logo_208,208,0,13.0,1.0
logo_208,208,1,4.0,0.2
logo_208,208,2,5.0,0.2
logo_208,208,3,2.0,0.2
logo_208,208,4,1.0,0.2
logo_208,208,5,3.0,0.2
logo_208,208,6,6.0,0.2
logo_208,208,7,0.0,0.0
logo_209,209,0,30.0,1.0
logo_209,209,1,2.0,0.8
logo_209,209,2,8.0,0.0
logo_209,209,3,7.0,0.0
logo_209,209,4,1.0,0.8
logo_209,209,5,9.0,0.0
logo_209,209,6,12.0,0.0
logo_209,209,7,14.0,0.0
logo_210,210,0,20.0,1.0
logo_210,210,1,19.0,1.0
logo_210,210,2,1.0,0.0
logo_210,210,3,2.0,0.0
logo_210,210,4,4.0,0.0
logo_210,210,5,7.0,0.0
logo_210,210,6,5.0,0.0
logo_210,210,7,6.0,0.0
logo_211,211,0,27.0,1.0
logo_211,211,1,28.0,1.0
logo_211,211,2,29.0,1.0
logo_211,211,3,14.0,0.0
logo_211,211,4,15.0,0.0
logo_211,211,5,18.0,0.0
logo_211,211,6,13.0,0.0
logo_211,211,7,20.0,0.0
logo_212,212,0,15.0,0.8
logo_212,212,1,14.0,0.8
logo_212,212,2,8.0,1.0
logo_212,212,3,11.0,0.8
logo_212,212,4,12.0,1.0
logo_212,212,5,9.0,0.8
logo_212,212,6,10.0,0.8
logo_212,212,7,2.0,0.4
logo_213,213,0,15.0,1.0
logo_213,213,1,11.0,0.4
logo_213,213,2,9.0,0.4
logo_213,213,3,10.0,0.4
logo_213,213,4,12.0,0.4
logo_213,213,5,3.0,0.0
logo_213,213,6,5.0,0.0
logo_213,213,7,2.0,0.0
logo_214,214,0,24.0,1.0
logo_214,214,1,2.0,0.4
logo_214,214,2,1.0,0.4
logo_214,214,3,4.0,0.4
logo_214,214,4,5.0,0.4
logo_214,214,5,3.0,0.4
logo_214,214,6,15.0,0.0
logo_214,214,7,8.0,0.0
logo_215,215,0,18.0,1.0
logo_215,215,1,1.0,1.0
logo_215,215,2,4.0,0.0
logo_215,215,3,3.0,0.0
logo_215,215,4,5.0,0.0
logo_215,215,5,9.0,0.0
logo_215,215,6,7.0,0.0
logo_215,215,7,10.0,0.0
logo_216,216,0,2.0,0.8
logo_216,216,1,13.0,0.8
logo_216,216,2,4.0,0.8
logo_216,216,3,8.0,0.8
logo_216,216,4,3.0,0.8
logo_216,216,5,12.0,0.8
logo_216,216,6,1.0,0.8
logo_216,216,7,10.0,0.8
logo_217,217,0,25.0,1.0
logo_217,217,1,24.0,1.0
logo_217,217,2,23.0,1.0
logo_217,217,3,1.0,0.0
logo_217,217,4,6.0,0.0
logo_217,217,5,4.0,0.0
logo_217,217,6,7.0,0.0
logo_217,217,7,3.0,0.0
logo_218,218,0,31.0,1.0
logo_218,218,1,2.0,0.2
logo_218,218,2,3.0,0.2
logo_218,218,3,1.0,0.2
logo_218,218,4,7.0,0.2
logo_218,218,5,6.0,0.2
logo_218,218,6,5.0,0.2
logo_218,218,7,13.0,0.0
logo_219,219,0,22.0,1.0
logo_219,219,1,11.0,0.2
logo_219,219,2,4.0,0.0
logo_219,219,3,6.0,0.0
logo_219,219,4,17.0,0.0
logo_219,219,5,3.0,0.0
logo_219,219,6,1.0,0.0
logo_219,219,7,13.0,0.0
logo_220,220,0,9.0,1.0
logo_220,220,1,4.0,0.4
logo_220,220,2,3.0,0.2
logo_220,220,3,2.0,0.2
logo_220,220,4,1.0,0.2
logo_221,221,0,1.0,0.0
logo_221,221,1,3.0,0.0
logo_221,221,2,7.0,0.0
logo_221,221,3,5.0,0.0
logo_221,221,4,28.0,1.0
logo_221,221,5,6.0,0.0
logo_221,221,6,2.0,0.0
logo_221,221,7,23.0,0.0
logo_222,222,0,19.0,1.0
logo_222,222,1,8.0,0.0
logo_222,222,2,14.0,0.0
logo_222,222,3,15.0,0.0
logo_222,222,4,13.0,0.0
logo_222,222,5,9.0,0.0
logo_222,222,6,10.0,0.0
logo_222,222,7,12.0,0.0
logo_223,223,0,1.0,1.0
logo_223,223,1,8.0,0.0
logo_223,223,2,9.0,0.0
logo_223,223,3,5.0,0.0
logo_223,223,4,6.0,0.0
logo_223,223,5,4.0,0.0
logo_223,223,6,10.0,0.0
logo_223,223,7,3.0,0.0
logo_224,224,0,1.0,1.0
logo_225,225,0,1.0,0.8
logo_225,225,1,3.0,0.6
logo_225,225,2,4.0,0.6
logo_225,225,3,2.0,0.6
logo_225,225,4,9.0,0.0
logo_225,225,5,10.0,0.0
logo_225,225,6,5.0,0.0
logo_225,225,7,19.0,0.0
logo_226,226,0,9.0,1.0
logo_226,226,1,4.0,0.2
logo_226,226,2,1.0,0.2
logo_226,226,3,5.0,0.2
logo_226,226,4,2.0,0.2
logo_226,226,5,3.0,0.2
logo_226,226,6,6.0,0.2
logo_226,226,7,0.0,0.0
logo_227,227,0,21.0,1.0
logo_227,227,1,0.0,0.2
logo_227,227,2,3.0,0.2
logo_227,227,3,1.0,0.2
logo_227,227,4,2.0,0.2
logo_227,227,5,5.0,0.2
logo_227,227,6,4.0,0.2
logo_227,227,7,6.0,0.2
logo_228,228,0,16.0,1.0
logo_228,228,1,5.0,0.0
logo_228,228,2,9.0,0.0
logo_228,228,3,1.0,0.0
logo_228,228,4,6.0,0.0
logo_228,228,5,7.0,0.0
logo_228,228,6,4.0,0.0
logo_228,228,7,3.0,0.0
logo_229,229,0,5.0,0.0
logo_229,229,1,2.0,0.0
logo_229,229,2,22.0,1.0
logo_229,229,3,3.0,0.0
logo_229,229,4,1.0,0.0
logo_229,229,5,4.0,0.0
logo_229,229,6,6.0,0.0
logo_229,229,7,7.0,0.0
logo_230,230,0,19.0,0.6666666666666666
logo_230,230,1,1.0,0.0
logo_230,230,2,18.0,0.5
logo_230,230,3,5.0,0.0
logo_230,230,4,8.0,0.0
logo_230,230,5,6.0,0.0
logo_230,230,6,3.0,0.0
logo_230,230,7,4.0,0.0
logo_231,231,0,1.0,0.0
logo_231,231,1,15.0,0.0
logo_231,231,2,8.0,0.0
logo_231,231,3,7.0,0.0
logo_231,231,4,13.0,0.0
logo_231,231,5,12.0,0.0
logo_231,231,6,2.0,0.0
logo_231,231,7,11.0,0.0
logo_232,232,0,40.0,0.8333333333333334
logo_232,232,1,37.0,0.8333333333333334
logo_232,232,2,38.0,0.8333333333333334
logo_232,232,3,20.0,0.0
logo_232,232,4,39.0,0.5
logo_232,232,5,21.0,0.0
logo_232,232,6,24.0,0.0
logo_232,232,7,17.0,0.0
logo_233,233,0,15.0,0.8333333333333334
logo_233,233,1,16.0,0.8333333333333334
logo_233,233,2,0.0,0.0
logo_233,233,3,8.0,0.0
logo_233,233,4,2.0,0.0
logo_233,233,5,1.0,0.0
logo_233,233,6,3.0,0.0
logo_233,233,7,6.0,0.0
logo_234,234,0,23.0,0.8333333333333334
logo_234,234,1,1.0,0.3333333333333333
logo_234,234,2,2.0,0.5
logo_234,234,3,4.0,0.16666666666666666
logo_234,234,4,6.0,0.16666666666666666
logo_234,234,5,3.0,0.16666666666666666
logo_234,234,6,5.0,0.16666666666666666
logo_234,234,7,9.0,0.0
logo_235,235,0,15.0,0.8333333333333334
logo_235,235,1,1.0,0.8333333333333334
logo_235,235,2,2.0,0.8333333333333334
logo_235,235,3,5.0,0.0
logo_235,235,4,6.0,0.0
logo_235,235,5,4.0,0.0
logo_235,235,6,8.0,0.0
logo_235,235,7,11.0,0.0
logo_236,236,0,30.0,0.8333333333333334
logo_236,236,1,31.0,0.8333333333333334
logo_236,236,2,29.0,0.8333333333333334
logo_236,236,3,4.0,0.0
logo_236,236,4,8.0,0.0
logo_236,236,5,1.0,0.0
logo_236,236,6,2.0,0.0
logo_236,236,7,9.0,0.0
logo_237,237,0,15.0,0.8
logo_237,237,1,14.0,1.0
logo_237,237,2,1.0,1.0
logo_237,237,3,2.0,1.0
logo_237,237,4,8.0,0.0
logo_237,237,5,4.0,0.0
logo_237,237,6,7.0,0.0
logo_237,237,7,9.0,0.0
logo_238,238,0,14.0,0.6
logo_238,238,1,15.0,0.4
logo_238,238,2,20.0,0.4
logo_238,238,3,16.0,0.4
logo_238,238,4,18.0,0.4
logo_238,238,5,26.0,0.4
logo_238,238,6,25.0,0.4
logo_238,238,7,19.0,0.4
logo_239,239,0,28.0,1.0
logo_239,239,1,3.0,0.0
logo_239,239,2,11.0,0.6
logo_239,239,3,12.0,0.0
logo_239,239,4,1.0,0.0
logo_239,239,5,10.0,0.0
logo_239,239,6,4.0,0.4
logo_239,239,7,13.0,0.0
logo_240,240,0,28.0,1.0
logo_240,240,1,29.0,0.8
logo_240,240,2,1.0,0.0
logo_240,240,3,5.0,0.0
logo_240,240,4,4.0,0.0
logo_240,240,5,2.0,0.0
logo_240,240,6,7.0,0.0
logo_240,240,7,8.0,0.0
logo_241,241,0,26.0,1.0
logo_241,241,1,28.0,1.0
logo_241,241,2,4.0,0.0
logo_241,241,3,2.0,0.0
logo_241,241,4,3.0,0.0
logo_241,241,5,27.0,1.0
logo_241,241,6,6.0,0.0
logo_241,241,7,7.0,0.0
logo_242,242,0,9.0,1.0
logo_242,242,1,3.0,0.2
logo_242,242,2,1.0,0.2
logo_242,242,3,4.0,0.2
logo_242,242,4,2.0,0.2
logo_243,243,0,31.0,1.0
logo_243,243,1,20.0,0.2
logo_243,243,2,17.0,0.2
logo_243,243,3,15.0,0.2
logo_243,243,4,14.0,0.2
logo_243,243,5,16.0,0.2
logo_243,243,6,21.0,0.2
logo_243,243,7,22.0,0.2
logo_244,244,0,23.0,1.0
logo_244,244,1,24.0,0.4
logo_244,244,2,1.0,0.0
logo_244,244,3,2.0,0.0
logo_244,244,4,6.0,0.0
logo_244,244,5,3.0,0.0
logo_244,244,6,4.0,0.0
logo_244,244,7,5.0,0.0
logo_245,245,0,29.0,1.0
logo_245,245,1,28.0,1.0
logo_245,245,2,8.0,0.0
logo_245,245,3,7.0,0.0
logo_245,245,4,3.0,0.0
logo_245,245,5,4.0,0.0
logo_245,245,6,1.0,0.0
logo_245,245,7,6.0,0.0
logo_246,246,0,24.0,1.0
logo_246,246,1,18.0,0.0
logo_246,246,2,14.0,0.0
logo_246,246,3,20.0,0.0
logo_246,246,4,19.0,0.0
logo_246,246,5,17.0,0.0
logo_246,246,6,15.0,0.0
logo_246,246,7,16.0,0.0
logo_247,247,0,26.0,1.0
logo_247,247,1,27.0,1.0
logo_247,247,2,28.0,1.0
logo_247,247,3,21.0,0.0
logo_247,247,4,17.0,0.0
logo_247,247,5,18.0,0.0
logo_247,247,6,14.0,0.0
logo_247,247,7,20.0,0.0
logo_248,248,0,19.0,1.0
logo_248,248,1,20.0,1.0
logo_248,248,2,2.0,0.2
logo_248,248,3,4.0,0.2
logo_248,248,4,7.0,0.2
logo_248,248,5,1.0,0.2
logo_248,248,6,6.0,0.2
logo_248,248,7,3.0,0.2
logo_249,249,0,15.0,1.0
logo_249,249,1,16.0,1.0
logo_249,249,2,1.0,0.0
logo_249,249,3,5.0,0.0
logo_249,249,4,7.0,0.0
logo_249,249,5,3.0,0.0
logo_249,249,6,2.0,0.0
logo_249,249,7,8.0,0.0
logo_250,250,0,12.0,0.4
logo_250,250,1,18.0,0.4
logo_250,250,2,20.0,0.0
logo_250,250,3,16.0,0.0
logo_250,250,4,14.0,0.0
logo_250,250,5,22.0,0.0
logo_250,250,6,23.0,0.0
logo_250,250,7,19.0,0.0
logo_251,251,0,25.0,1.0
logo_251,251,1,23.0,1.0
logo_251,251,2,22.0,1.0
logo_251,251,3,24.0,0.6
logo_251,251,4,13.0,0.0
logo_251,251,5,26.0,0.6
logo_251,251,6,11.0,0.0
logo_251,251,7,14.0,0.0
logo_252,252,0,28.0,1.0
logo_252,252,1,29.0,1.0
logo_252,252,2,15.0,0.0
logo_252,252,3,13.0,0.0
logo_252,252,4,17.0,0.0
logo_252,252,5,19.0,0.0
logo_252,252,6,12.0,0.0
logo_252,252,7,20.0,0.0
logo_253,253,0,26.0,1.0
logo_253,253,1,27.0,1.0
logo_253,253,2,25.0,0.8
logo_253,253,3,3.0,0.0
logo_253,253,4,2.0,0.0
logo_253,253,5,6.0,0.0
logo_253,253,6,5.0,0.0
logo_253,253,7,1.0,0.0
logo_254,254,0,18.0,1.0
logo_254,254,1,19.0,1.0
logo_254,254,2,3.0,0.2
logo_254,254,3,4.0,0.2
logo_254,254,4,2.0,0.2
logo_254,254,5,1.0,0.2
logo_254,254,6,5.0,0.2
logo_254,254,7,13.0,0.0
logo_255,255,0,26.0,1.0
logo_255,255,1,3.0,0.0
logo_255,255,2,2.0,0.0
logo_255,255,3,1.0,0.0
logo_255,255,4,8.0,0.0
logo_255,255,5,6.0,0.0
logo_255,255,6,9.0,0.0
logo_255,255,7,5.0,0.0
logo_256,256,0,26.0,1.0
logo_256,256,1,4.0,0.0
logo_256,256,2,2.0,0.0
logo_256,256,3,13.0,0.4
logo_256,256,4,12.0,0.4
logo_256,256,5,6.0,0.0
logo_256,256,6,3.0,0.0
logo_256,256,7,10.0,0.0
logo_257,257,0,3.0,0.6
logo_257,257,1,5.0,0.6
logo_257,257,2,0.0,0.6
logo_257,257,3,1.0,0.6
logo_257,257,4,2.0,0.6
logo_257,257,5,7.0,0.6
logo_257,257,6,4.0,0.6
logo_257,257,7,6.0,0.6
logo_258,258,0,3.0,0.0
logo_258,258,1,9.0,0.0
logo_258,258,2,1.0,0.0
logo_258,258,3,4.0,0.0
logo_258,258,4,26.0,1.0
logo_258,258,5,27.0,1.0
logo_258,258,6,6.0,0.0
logo_258,258,7,7.0,0.0
logo_259,259,0,15.0,1.0
logo_259,259,1,6.0,0.0
logo_259,259,2,1.0,0.0
logo_259,259,3,5.0,0.0
logo_259,259,4,9.0,0.0
logo_259,259,5,4.0,0.0
logo_259,259,6,7.0,0.0
logo_259,259,7,11.0,0.0
logo_260,260,0,1.0,0.2
logo_260,260,1,2.0,0.2
logo_260,260,2,4.0,0.2
logo_260,260,3,3.0,0.2
logo_260,260,4,21.0,1.0
logo_260,260,5,6.0,0.2
logo_260,260,6,5.0,0.2
logo_260,260,7,7.0,0.2
logo_261,261,0,1.0,0.2
logo_261,261,1,2.0,0.2
logo_261,261,2,4.0,0.2
logo_261,261,3,3.0,0.2
logo_261,261,4,18.0,0.8
logo_261,261,5,7.0,0.0
logo_261,261,6,10.0,0.0
logo_261,261,7,8.0,0.0
logo_262,262,0,14.0,1.0
logo_262,262,1,1.0,0.4
logo_262,262,2,3.0,0.0
logo_262,262,3,7.0,0.0
logo_262,262,4,4.0,0.0
logo_262,262,5,5.0,0.0
logo_262,262,6,9.0,0.0
logo_262,262,7,8.0,0.0
logo_263,263,0,29.0,1.0
logo_263,263,1,31.0,1.0
logo_263,263,2,30.0,1.0
logo_263,263,3,14.0,0.0
logo_263,263,4,16.0,0.0
logo_263,263,5,20.0,0.0
logo_263,263,6,22.0,0.0
logo_263,263,7,17.0,0.0
logo_264,264,0,1.0,0.2
logo_264,264,1,4.0,0.2
logo_264,264,2,6.0,0.8
logo_264,264,3,2.0,0.2
logo_264,264,4,5.0,0.2
logo_264,264,5,3.0,0.2
logo_264,264,6,10.0,0.0
logo_264,264,7,9.0,0.0
logo_265,265,0,20.0,1.0
logo_265,265,1,1.0,0.2
logo_265,265,2,8.0,0.0
logo_265,265,3,5.0,0.0
logo_265,265,4,10.0,0.0
logo_265,265,5,9.0,0.0
logo_265,265,6,4.0,0.0
logo_265,265,7,6.0,0.0
logo_266,266,0,2.0,0.0
logo_266,266,1,19.0,1.0
logo_266,266,2,20.0,1.0
logo_266,266,3,6.0,0.0
logo_266,266,4,5.0,0.4
logo_266,266,5,7.0,0.0
logo_266,266,6,8.0,0.0
logo_266,266,7,3.0,0.0
logo_267,267,0,29.0,1.0
logo_267,267,1,7.0,0.2
logo_267,267,2,3.0,0.2
logo_267,267,3,4.0,0.2
logo_267,267,4,1.0,0.2
logo_267,267,5,8.0,0.2
logo_267,267,6,9.0,0.2
logo_267,267,7,6.0,0.2
logo_268,268,0,11.0,1.0
logo_268,268,1,3.0,0.2
logo_268,268,2,1.0,0.8
logo_268,268,3,4.0,0.2
logo_268,268,4,7.0,0.2
logo_268,268,5,6.0,0.2
logo_268,268,6,5.0,0.2
logo_269,269,0,19.0,1.0
logo_269,269,1,20.0,1.0
logo_269,269,2,6.0,0.0
logo_269,269,3,8.0,0.0
logo_269,269,4,5.0,0.0
logo_269,269,5,7.0,0.0
logo_269,269,6,11.0,0.0
logo_269,269,7,9.0,0.0
logo_270,270,0,22.0,1.0
logo_270,270,1,4.0,0.0
logo_270,270,2,1.0,0.0
logo_270,270,3,8.0,0.0
logo_270,270,4,3.0,0.0
logo_270,270,5,9.0,0.0
logo_270,270,6,5.0,0.0
logo_270,270,7,7.0,0.0
logo_271,271,0,26.0,1.0
logo_271,271,1,17.0,0.2
logo_271,271,2,21.0,0.2
logo_271,271,3,18.0,0.2
logo_271,271,4,16.0,0.2
logo_271,271,5,19.0,0.2
logo_271,271,6,20.0,0.2
logo_271,271,7,12.0,0.0
logo_272,272,0,9.0,1.0
logo_272,272,1,2.0,0.2
logo_272,272,2,5.0,0.2
logo_272,272,3,1.0,0.2
logo_272,272,4,4.0,0.2
logo_272,272,5,3.0,0.4
logo_272,272,6,0.0,0.0
logo_273,273,0,26.0,1.0
logo_273,273,1,6.0,0.0
logo_273,273,2,7.0,0.0
logo_273,273,3,4.0,0.0
logo_273,273,4,10.0,0.0
logo_273,273,5,11.0,0.0
logo_273,273,6,1.0,0.0
logo_273,273,7,9.0,0.0
logo_274,274,0,22.0,1.0
logo_274,274,1,5.0,0.0
logo_274,274,2,1.0,0.0
logo_274,274,3,3.0,0.0
logo_274,274,4,9.0,0.0
logo_274,274,5,7.0,0.2
logo_274,274,6,4.0,0.0
logo_274,274,7,8.0,0.0
logo_275,275,0,1.0,0.0
logo_275,275,1,22.0,1.0
logo_275,275,2,21.0,1.0
logo_275,275,3,6.0,0.0
logo_275,275,4,8.0,0.0
logo_275,275,5,2.0,0.0
logo_275,275,6,4.0,0.0
logo_275,275,7,7.0,0.0
logo_276,276,0,9.0,1.0
logo_276,276,1,30.0,1.0
logo_276,276,2,2.0,0.2
logo_276,276,3,1.0,0.2
logo_276,276,4,5.0,0.2
logo_276,276,5,4.0,0.2
logo_276,276,6,7.0,0.2
logo_276,276,7,3.0,0.2
logo_277,277,0,24.0,1.0
logo_277,277,1,14.0,0.2
logo_277,277,2,9.0,0.2
logo_277,277,3,10.0,0.2
logo_277,277,4,17.0,0.2
logo_277,277,5,13.0,0.2
logo_277,277,6,18.0,0.2
logo_277,277,7,12.0,0.2
logo_278,278,0,23.0,1.0
logo_278,278,1,5.0,0.0
logo_278,278,2,4.0,0.0
logo_278,278,3,2.0,0.0
logo_278,278,4,0.0,0.0
logo_278,278,5,7.0,0.0
logo_278,278,6,3.0,0.0
logo_278,278,7,9.0,0.0
logo_279,279,0,25.0,1.0
logo_279,279,1,3.0,0.0
logo_279,279,2,6.0,0.0
logo_279,279,3,1.0,0.0
logo_279,279,4,4.0,0.0
logo_279,279,5,2.0,0.0
logo_279,279,6,5.0,0.0
logo_279,279,7,8.0,0.0
logo_280,280,0,22.0,1.0
logo_280,280,1,23.0,1.0
logo_280,280,2,1.0,0.4
logo_280,280,3,3.0,0.4
logo_280,280,4,2.0,0.4
logo_280,280,5,6.0,0.0
logo_280,280,6,7.0,0.0
logo_280,280,7,10.0,0.0
logo_281,281,0,24.0,1.0
logo_281,281,1,10.0,0.0
logo_281,281,2,7.0,0.0
logo_281,281,3,9.0,0.0
logo_281,281,4,8.0,0.0
logo_281,281,5,1.0,0.0
logo_281,281,6,5.0,0.0
logo_281,281,7,2.0,0.0
logo_282,282,0,28.0,1.0
logo_282,282,1,16.0,0.0
logo_282,282,2,14.0,0.0
logo_282,282,3,19.0,0.0
logo_282,282,4,17.0,0.0
logo_282,282,5,15.0,0.0
logo_282,282,6,22.0,0.0
logo_282,282,7,12.0,0.0
logo_283,283,0,22.0,1.0
logo_283,283,1,2.0,0.0
logo_283,283,2,14.0,0.0
logo_283,283,3,11.0,0.0
logo_283,283,4,13.0,0.0
logo_283,283,5,12.0,0.0
logo_283,283,6,6.0,0.0
logo_283,283,7,1.0,0.0
logo_284,284,0,21.0,1.0
logo_284,284,1,5.0,0.2
logo_284,284,2,1.0,0.2
logo_284,284,3,3.0,0.2
logo_284,284,4,4.0,0.2
logo_284,284,5,2.0,0.2
logo_284,284,6,7.0,0.0
logo_284,284,7,12.0,0.0
logo_285,285,0,26.0,1.0
logo_285,285,1,7.0,0.0
logo_285,285,2,9.0,0.0
logo_285,285,3,8.0,0.0
logo_285,285,4,3.0,0.0
logo_285,285,5,2.0,0.0
logo_285,285,6,4.0,0.0
logo_285,285,7,6.0,0.0
logo_286,286,0,32.0,0.8
logo_286,286,1,2.0,0.0
logo_286,286,2,1.0,0.0
logo_286,286,3,8.0,0.0
logo_286,286,4,31.0,0.8
logo_286,286,5,3.0,0.0
logo_286,286,6,0.0,0.0
logo_286,286,7,6.0,0.0
logo_287,287,0,2.0,0.4
logo_287,287,1,4.0,0.4
logo_287,287,2,0.0,0.6
logo_287,287,3,3.0,0.4
logo_287,287,4,7.0,0.4
logo_287,287,5,5.0,0.4
logo_287,287,6,8.0,0.4
logo_287,287,7,18.0,0.4
logo_288,288,0,31.0,1.0
logo_288,288,1,30.0,1.0
logo_288,288,2,6.0,0.0
logo_288,288,3,7.0,0.0
logo_288,288,4,11.0,0.0
logo_288,288,5,10.0,0.0
logo_288,288,6,9.0,0.0
logo_288,288,7,8.0,0.0
logo_289,289,0,29.0,1.0
logo_289,289,1,2.0,0.0
logo_289,289,2,5.0,0.0
logo_289,289,3,1.0,0.0
logo_289,289,4,8.0,0.0
logo_289,289,5,3.0,0.0
logo_289,289,6,7.0,0.0
logo_289,289,7,9.0,0.0
logo_290,290,0,9.0,1.0
logo_290,290,1,10.0,1.0
logo_290,290,2,4.0,0.2
logo_290,290,3,2.0,0.2
logo_290,290,4,0.0,0.2
logo_290,290,5,3.0,0.2
logo_290,290,6,1.0,0.2
logo_291,291,0,21.0,1.0
logo_291,291,1,23.0,1.0
logo_291,291,2,22.0,1.0
logo_291,291,3,24.0,1.0
logo_291,291,4,1.0,0.2
logo_291,291,5,3.0,0.0
logo_291,291,6,0.0,0.0
logo_291,291,7,5.0,0.0
logo_292,292,0,1.0,0.2
logo_292,292,1,3.0,0.2
logo_292,292,2,2.0,0.2
logo_292,292,3,25.0,1.0
logo_292,292,4,4.0,0.2
logo_292,292,5,18.0,0.0
logo_292,292,6,21.0,0.0
logo_292,292,7,19.0,0.0
logo_293,293,0,1.0,0.2
logo_293,293,1,8.0,0.2
logo_293,293,2,6.0,0.4
logo_293,293,3,4.0,0.2
logo_293,293,4,7.0,0.2
logo_293,293,5,3.0,0.2
logo_293,293,6,2.0,0.2
logo_293,293,7,11.0,0.0
logo_294,294,0,23.0,1.0
logo_294,294,1,22.0,1.0
logo_294,294,2,20.0,0.8
logo_294,294,3,21.0,0.8
logo_294,294,4,0.0,0.0
logo_294,294,5,2.0,0.0
logo_294,294,6,5.0,0.0
logo_294,294,7,1.0,0.0
logo_295,295,0,14.0,1.0
logo_295,295,1,2.0,0.2
logo_295,295,2,3.0,0.0
logo_295,295,3,5.0,0.0
logo_295,295,4,0.0,0.0
logo_295,295,5,8.0,0.0
logo_295,295,6,6.0,0.0
logo_295,295,7,9.0,0.0
logo_296,296,0,24.0,1.0
logo_296,296,1,2.0,0.0
logo_296,296,2,6.0,0.0
logo_296,296,3,9.0,0.0
logo_296,296,4,3.0,0.0
logo_296,296,5,1.0,0.0
logo_296,296,6,4.0,0.0
logo_296,296,7,10.0,0.0
logo_297,297,0,26.0,1.0
logo_297,297,1,13.0,0.0
logo_297,297,2,14.0,0.0
logo_297,297,3,15.0,0.0
logo_297,297,4,11.0,0.0
logo_297,297,5,19.0,0.0
logo_297,297,6,21.0,0.0
logo_297,297,7,17.0,0.0
logo_298,298,0,20.0,1.0
logo_298,298,1,2.0,0.2
logo_298,298,2,7.0,0.2
logo_298,298,3,6.0,0.2
logo_298,298,4,1.0,0.2
logo_298,298,5,4.0,0.2
logo_298,298,6,5.0,0.2
logo_298,298,7,3.0,0.2
logo_299,299,0,1.0,0.0
logo_299,299,1,5.0,0.0
logo_299,299,2,8.0,0.0
logo_299,299,3,2.0,0.0
logo_299,299,4,11.0,0.0
logo_299,299,5,6.0,0.0
logo_299,299,6,10.0,0.0
logo_299,299,7,3.0,0.0
logo_300,300,0,22.0,1.0
logo_300,300,1,1.0,0.2
logo_300,300,2,6.0,0.2
logo_300,300,3,3.0,0.2
logo_300,300,4,7.0,0.2
logo_300,300,5,2.0,0.2
logo_300,300,6,4.0,0.2
logo_300,300,7,8.0,0.2
logo_301,301,0,1.0,0.8
logo_301,301,1,2.0,0.6
logo_301,301,2,5.0,0.6
logo_301,301,3,3.0,0.6
logo_301,301,4,6.0,0.6
logo_301,301,5,7.0,0.6
logo_301,301,6,4.0,0.6
logo_301,301,7,11.0,0.2
logo_302,302,0,31.0,1.0
logo_302,302,1,5.0,0.0
logo_302,302,2,3.0,0.0
logo_302,302,3,2.0,0.0
logo_302,302,4,4.0,0.0
logo_302,302,5,10.0,0.0
logo_302,302,6,11.0,0.0
logo_302,302,7,12.0,0.0
logo_303,303,0,12.0,1.0
logo_303,303,1,13.0,1.0
logo_303,303,2,3.0,0.0
logo_303,303,3,6.0,0.0
logo_303,303,4,2.0,0.0
logo_303,303,5,1.0,0.0
logo_303,303,6,4.0,0.0
logo_303,303,7,5.0,0.0
logo_304,304,0,33.0,1.0
logo_304,304,1,5.0,0.0
logo_304,304,2,11.0,0.0
logo_304,304,3,8.0,0.0
logo_304,304,4,1.0,0.0
logo_304,304,5,12.0,0.0
logo_304,304,6,2.0,0.0
logo_304,304,7,13.0,0.0
logo_305,305,0,22.0,0.8
logo_305,305,1,13.0,0.2
logo_305,305,2,17.0,0.2
logo_305,305,3,11.0,0.2
logo_305,305,4,15.0,0.2
logo_305,305,5,16.0,0.2
logo_305,305,6,12.0,0.2
logo_305,305,7,18.0,0.2
logo_306,306,0,34.0,1.0
logo_306,306,1,33.0,1.0
logo_306,306,2,24.0,0.0
logo_306,306,3,17.0,0.0
logo_306,306,4,20.0,0.0
logo_306,306,5,25.0,0.0
logo_306,306,6,23.0,0.0
logo_306,306,7,16.0,0.0
logo_307,307,0,0.0,0.4
logo_307,307,1,1.0,0.2
logo_307,307,2,3.0,0.2
logo_307,307,3,5.0,0.2
logo_307,307,4,2.0,0.2
logo_307,307,5,4.0,0.2
logo_307,307,6,6.0,0.0
logo_307,307,7,10.0,0.0
logo_308,308,0,24.0,1.0
logo_308,308,1,3.0,0.0
logo_308,308,2,15.0,0.0
logo_308,308,3,4.0,0.0
logo_308,308,4,8.0,0.0
logo_308,308,5,16.0,0.0
logo_308,308,6,6.0,0.0
logo_308,308,7,18.0,0.0
logo_309,309,0,18.0,1.0
logo_309,309,1,1.0,1.0
logo_309,309,2,4.0,0.0
logo_309,309,3,3.0,0.0
logo_309,309,4,7.0,0.0
logo_309,309,5,10.0,0.0
logo_309,309,6,13.0,0.0
logo_309,309,7,8.0,0.0
logo_310,310,0,20.0,1.0
logo_310,310,1,21.0,0.8
logo_310,310,2,14.0,0.6
logo_310,310,3,15.0,0.6
logo_310,310,4,2.0,0.0
logo_310,310,5,1.0,0.0
logo_310,310,6,4.0,0.0
logo_310,310,7,7.0,0.0
logo_311,311,0,32.0,1.0
logo_311,311,1,7.0,0.0
logo_311,311,2,1.0,0.0
logo_311,311,3,6.0,0.0
logo_311,311,4,9.0,0.0
logo_311,311,5,4.0,0.0
logo_311,311,6,3.0,0.0
logo_311,311,7,2.0,0.0
logo_312,312,0,1.0,0.4
logo_312,312,1,5.0,0.4
logo_312,312,2,3.0,0.4
logo_312,312,3,2.0,0.4
logo_312,312,4,4.0,0.4
logo_312,312,5,8.0,0.0
logo_312,312,6,13.0,0.0
logo_312,312,7,7.0,0.0
logo_313,313,0,19.0,1.0
logo_313,313,1,3.0,0.0
logo_313,313,2,1.0,0.0
logo_313,313,3,4.0,0.0
logo_313,313,4,10.0,0.0
logo_313,313,5,5.0,0.0
logo_313,313,6,9.0,0.0
logo_313,313,7,8.0,0.0
logo_314,314,0,27.0,1.0
logo_314,314,1,9.0,0.2
logo_314,314,2,7.0,0.2
logo_314,314,3,6.0,0.2
logo_314,314,4,2.0,0.2
logo_314,314,5,1.0,0.2
logo_314,314,6,8.0,0.2
logo_314,314,7,5.0,0.2
logo_315,315,0,7.0,1.0
logo_315,315,1,1.0,0.4
logo_315,315,2,2.0,0.4
logo_316,316,0,1.0,0.2
logo_316,316,1,4.0,0.6
logo_316,316,2,6.0,0.2
logo_316,316,3,5.0,0.2
logo_316,316,4,2.0,0.2
logo_316,316,5,7.0,0.2
logo_316,316,6,24.0,1.0
logo_316,316,7,23.0,1.0
logo_317,317,0,30.0,1.0
logo_317,317,1,31.0,1.0
logo_317,317,2,32.0,0.8
logo_317,317,3,9.0,0.0
logo_317,317,4,4.0,0.0
logo_317,317,5,1.0,0.0
logo_317,317,6,5.0,0.0
logo_317,317,7,6.0,0.0
logo_318,318,0,5.0,0.4
logo_318,318,1,6.0,0.4
logo_318,318,2,4.0,0.4
logo_319,319,0,18.0,1.0
logo_319,319,1,19.0,1.0
logo_319,319,2,11.0,0.0
logo_319,319,3,2.0,0.0
logo_319,319,4,3.0,0.0
logo_319,319,5,5.0,0.0
logo_319,319,6,1.0,0.0
logo_319,319,7,4.0,0.0
logo_320,320,0,0.0,0.6
logo_320,320,1,4.0,0.4
logo_320,320,2,3.0,0.4
logo_320,320,3,8.0,0.4
logo_320,320,4,10.0,0.4
logo_320,320,5,1.0,0.4
logo_320,320,6,6.0,0.2
logo_320,320,7,9.0,0.4
logo_321,321,0,10.0,1.0
logo_321,321,1,0.0,1.0
logo_321,321,2,3.0,0.2
logo_321,321,3,4.0,0.2
logo_321,321,4,2.0,0.2
logo_321,321,5,1.0,0.2
logo_321,321,6,5.0,0.2
logo_321,321,7,11.0,1.0
logo_322,322,0,30.0,1.0
logo_322,322,1,2.0,0.0
logo_322,322,2,7.0,0.0
logo_322,322,3,6.0,0.0
logo_322,322,4,4.0,0.0
logo_322,322,5,9.0,0.0
logo_322,322,6,1.0,0.0
logo_322,322,7,3.0,0.0
logo_323,323,0,28.0,1.0
logo_323,323,1,26.0,1.0
logo_323,323,2,27.0,1.0
logo_323,323,3,13.0,0.0
logo_323,323,4,11.0,0.0
logo_323,323,5,7.0,0.0
logo_323,323,6,9.0,0.0
logo_323,323,7,1.0,0.0
logo_324,324,0,25.0,1.0
logo_324,324,1,3.0,0.0
logo_324,324,2,26.0,0.6
logo_324,324,3,2.0,0.0
logo_324,324,4,1.0,0.0
logo_324,324,5,5.0,0.0
logo_324,324,6,6.0,0.0
logo_324,324,7,7.0,0.0
logo_325,325,0,22.0,1.0
logo_325,325,1,10.0,0.0
logo_325,325,2,13.0,0.0
logo_325,325,3,14.0,0.0
logo_325,325,4,23.0,1.0
logo_325,325,5,12.0,0.0
logo_325,325,6,16.0,0.0
logo_325,325,7,15.0,0.0
logo_326,326,0,18.0,0.4
logo_326,326,1,16.0,0.4
logo_326,326,2,17.0,0.4
logo_326,326,3,22.0,1.0
logo_326,326,4,3.0,0.0
logo_326,326,5,5.0,0.0
logo_326,326,6,2.0,0.0
logo_326,326,7,12.0,0.0
logo_327,327,0,22.0,1.0
logo_327,327,1,1.0,0.0
logo_327,327,2,6.0,0.0
logo_327,327,3,3.0,0.0
logo_327,327,4,4.0,0.0
logo_327,327,5,9.0,0.0
logo_327,327,6,7.0,0.0
logo_327,327,7,8.0,0.0
logo_328,328,0,11.0,1.0
logo_328,328,1,13.0,1.0
logo_328,328,2,12.0,1.0
logo_328,328,3,3.0,0.0
logo_328,328,4,1.0,0.0
logo_328,328,5,5.0,0.0
logo_328,328,6,4.0,0.0
logo_328,328,7,2.0,0.0
logo_329,329,0,27.0,1.0
logo_329,329,1,1.0,0.2
logo_329,329,2,3.0,0.2
logo_329,329,3,0.0,0.2
logo_329,329,4,7.0,0.2
logo_329,329,5,9.0,0.2
logo_329,329,6,8.0,0.2
logo_329,329,7,6.0,0.2
logo_330,330,0,2.0,0.8
logo_330,330,1,1.0,0.4
logo_330,330,2,3.0,0.4
logo_330,330,3,9.0,0.0
logo_330,330,4,5.0,0.0
logo_330,330,5,8.0,0.0
logo_330,330,6,17.0,0.0
logo_330,330,7,7.0,0.0
logo_331,331,0,11.0,0.8
logo_331,331,1,1.0,0.2
logo_331,331,2,2.0,0.2
logo_331,331,3,3.0,0.2
logo_331,331,4,5.0,0.2
logo_331,331,5,4.0,0.2
logo_331,331,6,6.0,0.2
logo_331,331,7,0.0,0.0
logo_332,332,0,24.0,1.0
logo_332,332,1,25.0,1.0
logo_332,332,2,4.0,0.0
logo_332,332,3,3.0,0.0
logo_332,332,4,1.0,0.0
logo_332,332,5,9.0,0.0
logo_332,332,6,5.0,0.0
logo_332,332,7,2.0,0.0
logo_333,333,0,24.0,1.0
logo_333,333,1,25.0,1.0
logo_333,333,2,1.0,0.0
logo_333,333,3,5.0,0.4
logo_333,333,4,26.0,1.0
logo_333,333,5,3.0,0.0
logo_333,333,6,7.0,0.0
logo_333,333,7,6.0,0.0
logo_334,334,0,23.0,1.0
logo_334,334,1,21.0,1.0
logo_334,334,2,24.0,1.0
logo_334,334,3,2.0,0.2
logo_334,334,4,1.0,0.2
logo_334,334,5,9.0,0.0
logo_334,334,6,8.0,0.0
logo_334,334,7,7.0,0.0
logo_335,335,0,32.0,1.0
logo_335,335,1,31.0,1.0
logo_335,335,2,5.0,0.0
logo_335,335,3,1.0,0.0
logo_335,335,4,9.0,0.0
logo_335,335,5,12.0,0.0
logo_335,335,6,3.0,0.0
logo_335,335,7,11.0,0.0
logo_336,336,0,25.0,1.0
logo_336,336,1,4.0,0.0
logo_336,336,2,5.0,0.0
logo_336,336,3,7.0,0.0
logo_336,336,4,9.0,0.0
logo_336,336,5,8.0,0.0
logo_336,336,6,2.0,0.0
logo_336,336,7,0.0,0.0
logo_337,337,0,27.0,1.0
logo_337,337,1,28.0,1.0
logo_337,337,2,6.0,0.0
logo_337,337,3,1.0,0.0
logo_337,337,4,10.0,0.0
logo_337,337,5,8.0,0.0
logo_337,337,6,2.0,0.0
logo_337,337,7,9.0,0.0
logo_338,338,0,32.0,1.0
logo_338,338,1,10.0,0.0
logo_338,338,2,2.0,0.0
logo_338,338,3,5.0,0.0
logo_338,338,4,7.0,0.0
logo_338,338,5,11.0,0.0
logo_338,338,6,15.0,0.0
logo_338,338,7,4.0,0.0
logo_339,339,0,12.0,1.0
logo_339,339,1,1.0,0.0
logo_339,339,2,2.0,0.0
logo_339,339,3,3.0,0.0
logo_339,339,4,8.0,0.2
logo_339,339,5,7.0,0.0
logo_339,339,6,5.0,0.0
logo_339,339,7,4.0,0.0
logo_340,340,0,28.0,1.0
logo_340,340,1,20.0,0.0
logo_340,340,2,18.0,0.0
logo_340,340,3,21.0,0.0
logo_340,340,4,17.0,0.0
logo_340,340,5,16.0,0.0
logo_340,340,6,19.0,0.0
logo_340,340,7,22.0,0.0
logo_341,341,0,22.0,1.0
logo_341,341,1,21.0,1.0
logo_341,341,2,1.0,0.2
logo_341,341,3,5.0,0.2
logo_341,341,4,4.0,0.2
logo_341,341,5,3.0,0.2
logo_341,341,6,23.0,1.0
logo_341,341,7,2.0,0.2
logo_342,342,0,18.0,1.0
logo_342,342,1,19.0,1.0
logo_342,342,2,20.0,1.0
logo_342,342,3,11.0,0.0
logo_342,342,4,2.0,0.0
logo_342,342,5,8.0,0.0
logo_342,342,6,10.0,0.0
logo_342,342,7,7.0,0.0
logo_343,343,0,24.0,1.0
logo_343,343,1,4.0,0.2
logo_343,343,2,1.0,0.2
logo_343,343,3,2.0,0.2
logo_343,343,4,8.0,0.2
logo_343,343,5,5.0,0.2
logo_343,343,6,6.0,0.2
logo_343,343,7,7.0,0.2
logo_344,344,0,6.0,0.0
logo_344,344,1,1.0,0.0
logo_344,344,2,8.0,0.0
logo_344,344,3,5.0,0.0
logo_344,344,4,2.0,0.0
logo_344,344,5,7.0,0.0
logo_344,344,6,3.0,0.0
logo_344,344,7,10.0,0.0
logo_345,345,0,12.0,1.0
logo_345,345,1,13.0,1.0
logo_345,345,2,0.0,0.0
logo_345,345,3,2.0,0.0
logo_345,345,4,1.0,0.0
logo_345,345,5,6.0,0.0
logo_345,345,6,5.0,0.0
logo_345,345,7,7.0,0.0
logo_346,346,0,13.0,0.2
logo_346,346,1,21.0,0.2
logo_346,346,2,17.0,0.2
logo_346,346,3,20.0,0.2
logo_346,346,4,28.0,0.2
logo_346,346,5,26.0,0.2
logo_346,346,6,23.0,0.2
logo_346,346,7,14.0,0.2
logo_347,347,0,10.0,1.0
logo_347,347,1,9.0,1.0
logo_347,347,2,8.0,1.0
logo_347,347,3,2.0,0.8
logo_347,347,4,1.0,0.8
logo_347,347,5,15.0,0.8
logo_347,347,6,16.0,0.8
logo_347,347,7,17.0,0.8
logo_348,348,0,19.0,1.0
logo_348,348,1,1.0,1.0
logo_348,348,2,5.0,0.2
logo_348,348,3,4.0,0.2
logo_348,348,4,3.0,0.2
logo_348,348,5,8.0,0.0
logo_348,348,6,11.0,0.0
logo_348,348,7,10.0,0.0
logo_349,349,0,29.0,1.0
logo_349,349,1,5.0,0.0
logo_349,349,2,7.0,0.0
logo_349,349,3,11.0,0.0
logo_349,349,4,9.0,0.0
logo_349,349,5,10.0,0.0
logo_349,349,6,2.0,0.0
logo_349,349,7,8.0,0.0
logo_350,350,0,30.0,1.0
logo_350,350,1,29.0,1.0
logo_350,350,2,1.0,0.2
logo_350,350,3,2.0,0.0
logo_350,350,4,10.0,0.0
logo_350,350,5,4.0,0.0
logo_350,350,6,5.0,0.0
logo_350,350,7,6.0,0.0
logo_351,351,0,34.0,1.0
logo_351,351,1,7.0,0.0
logo_351,351,2,5.0,0.0
logo_351,351,3,6.0,0.0
logo_351,351,4,4.0,0.0
logo_351,351,5,10.0,0.0
logo_351,351,6,0.0,0.0
logo_351,351,7,11.0,0.0
logo_352,352,0,3.0,0.2
logo_352,352,1,2.0,0.2
logo_352,352,2,0.0,0.4
logo_352,352,3,5.0,0.2
logo_352,352,4,7.0,0.2
logo_352,352,5,6.0,0.2
logo_352,352,6,1.0,0.2
logo_352,352,7,8.0,0.2
logo_353,353,0,26.0,1.0
logo_353,353,1,2.0,0.4
logo_353,353,2,1.0,0.4
logo_353,353,3,16.0,0.0
logo_353,353,4,20.0,0.0
logo_353,353,5,14.0,0.0
logo_353,353,6,15.0,0.0
logo_353,353,7,18.0,0.0
logo_354,354,0,29.0,1.0
logo_354,354,1,15.0,0.0
logo_354,354,2,34.0,1.0
logo_354,354,3,33.0,1.0
logo_354,354,4,31.0,1.0
logo_354,354,5,12.0,0.0
logo_354,354,6,32.0,1.0
logo_354,354,7,30.0,1.0
logo_355,355,0,29.0,1.0
logo_355,355,1,30.0,1.0
logo_355,355,2,5.0,0.0
logo_355,355,3,3.0,0.0
logo_355,355,4,1.0,0.0
logo_355,355,5,7.0,0.0
logo_355,355,6,11.0,0.0
logo_355,355,7,9.0,0.0
logo_356,356,0,19.0,1.0
logo_356,356,1,20.0,1.0
logo_356,356,2,3.0,0.0
logo_356,356,3,6.0,0.0
logo_356,356,4,1.0,0.0
logo_356,356,5,4.0,0.0
logo_356,356,6,5.0,0.0
logo_356,356,7,2.0,0.0
logo_357,357,0,3.0,0.0
logo_357,357,1,24.0,1.0
logo_357,357,2,23.0,1.0
logo_357,357,3,1.0,0.0
logo_357,357,4,26.0,1.0
logo_357,357,5,25.0,1.0
logo_357,357,6,5.0,0.0
logo_357,357,7,4.0,0.0
logo_358,358,0,12.0,1.0
logo_358,358,1,0.0,0.0
logo_358,358,2,2.0,0.0
logo_358,358,3,6.0,0.0
logo_358,358,4,13.0,1.0
logo_358,358,5,1.0,0.0
logo_358,358,6,3.0,0.0
logo_358,358,7,5.0,0.0
logo_359,359,0,17.0,1.0
logo_359,359,1,18.0,1.0
logo_359,359,2,3.0,0.0
logo_359,359,3,0.0,0.0
logo_359,359,4,2.0,0.0
logo_359,359,5,1.0,0.0
logo_359,359,6,4.0,0.0
logo_359,359,7,8.0,0.0
logo_360,360,0,15.0,1.0
logo_360,360,1,9.0,1.0
logo_360,360,2,8.0,1.0
logo_360,360,3,1.0,0.0
logo_360,360,4,4.0,0.0
logo_360,360,5,2.0,0.0
logo_360,360,6,5.0,0.2
logo_360,360,7,3.0,0.0
logo_361,361,0,15.0,1.0
logo_361,361,1,10.0,0.0
logo_361,361,2,5.0,0.0
logo_361,361,3,8.0,0.0
logo_361,361,4,4.0,0.0
logo_361,361,5,1.0,0.0
logo_361,361,6,3.0,0.0
logo_361,361,7,2.0,0.0
logo_362,362,0,12.0,1.0
logo_362,362,1,13.0,1.0
logo_362,362,2,1.0,0.2
logo_362,362,3,6.0,0.2
logo_362,362,4,4.0,0.2
logo_362,362,5,5.0,0.2
logo_362,362,6,7.0,0.2
logo_362,362,7,2.0,0.2
logo_363,363,0,34.0,1.0
logo_363,363,1,5.0,0.2
logo_363,363,2,6.0,0.2
logo_363,363,3,9.0,0.2
logo_363,363,4,3.0,0.2
logo_363,363,5,1.0,0.2
logo_363,363,6,2.0,0.2
logo_363,363,7,8.0,0.2
logo_364,364,0,27.0,1.0
logo_364,364,1,16.0,0.0
logo_364,364,2,21.0,0.0
logo_364,364,3,15.0,0.0
logo_364,364,4,20.0,0.0
logo_364,364,5,22.0,0.0
logo_364,364,6,23.0,0.0
logo_364,364,7,14.0,0.0
logo_365,365,0,25.0,1.0
logo_365,365,1,1.0,0.2
logo_365,365,2,3.0,0.2
logo_365,365,3,2.0,0.2
logo_365,365,4,4.0,0.2
logo_365,365,5,8.0,0.2
logo_365,365,6,6.0,0.2
logo_365,365,7,7.0,0.2
logo_366,366,0,25.0,1.0
logo_366,366,1,4.0,0.0
logo_366,366,2,1.0,0.0
logo_366,366,3,6.0,0.0
logo_366,366,4,8.0,0.0
logo_366,366,5,3.0,0.0
logo_366,366,6,5.0,0.0
logo_366,366,7,7.0,0.0
logo_367,367,0,25.0,1.0
logo_367,367,1,24.0,1.0
logo_367,367,2,13.0,0.0
logo_367,367,3,16.0,0.0
logo_367,367,4,11.0,0.0
logo_367,367,5,14.0,0.0
logo_367,367,6,23.0,1.0
logo_367,367,7,15.0,0.0
logo_368,368,0,18.0,1.0
logo_368,368,1,5.0,0.0
logo_368,368,2,4.0,0.0
logo_368,368,3,2.0,0.0
logo_368,368,4,9.0,0.0
logo_368,368,5,14.0,0.0
logo_368,368,6,3.0,0.0
logo_368,368,7,12.0,0.0
logo_369,369,0,14.0,1.0
logo_369,369,1,2.0,0.0
logo_369,369,2,4.0,0.0
logo_369,369,3,1.0,0.0
logo_369,369,4,8.0,0.0
logo_369,369,5,10.0,0.0
logo_369,369,6,7.0,0.0
logo_369,369,7,3.0,0.0
logo_370,370,0,27.0,1.0
logo_370,370,1,3.0,0.0
logo_370,370,2,11.0,0.0
logo_370,370,3,10.0,0.0
logo_370,370,4,5.0,0.0
logo_370,370,5,7.0,0.0
logo_370,370,6,4.0,0.0
logo_370,370,7,1.0,0.0
logo_371,371,0,23.0,1.0
logo_371,371,1,12.0,0.6
logo_371,371,2,14.0,0.2
logo_371,371,3,13.0,0.2
logo_371,371,4,17.0,0.2
logo_371,371,5,15.0,0.2
logo_371,371,6,18.0,0.2
logo_371,371,7,16.0,0.2
logo_372,372,0,14.0,1.0
logo_372,372,1,0.0,0.8
logo_372,372,2,15.0,1.0
logo_372,372,3,1.0,0.8
logo_372,372,4,4.0,0.0
logo_372,372,5,2.0,0.0
logo_372,372,6,7.0,0.0
logo_372,372,7,6.0,0.0
logo_373,373,0,34.0,1.0
logo_373,373,1,7.0,0.0
logo_373,373,2,1.0,0.0
logo_373,373,3,6.0,0.0
logo_373,373,4,2.0,0.0
logo_373,373,5,3.0,0.0
logo_373,373,6,8.0,0.0
logo_373,373,7,9.0,0.0
logo_374,374,0,28.0,1.0
logo_374,374,1,3.0,0.2
logo_374,374,2,9.0,0.2
logo_374,374,3,12.0,0.2
logo_374,374,4,6.0,0.2
logo_374,374,5,5.0,0.2
logo_374,374,6,13.0,0.2
logo_374,374,7,2.0,0.2
logo_375,375,0,8.0,0.2
logo_375,375,1,5.0,0.2
logo_375,375,2,6.0,0.2
logo_375,375,3,1.0,0.4
logo_375,375,4,3.0,0.2
logo_375,375,5,7.0,0.2
logo_375,375,6,23.0,1.0
logo_375,375,7,4.0,0.2
logo_376,376,0,21.0,1.0
logo_376,376,1,12.0,0.2
logo_376,376,2,13.0,0.2
logo_376,376,3,20.0,1.0
logo_376,376,4,14.0,0.2
logo_376,376,5,1.0,0.0
logo_376,376,6,11.0,0.0
logo_376,376,7,5.0,0.0
logo_377,377,0,9.0,1.0
logo_377,377,1,10.0,1.0
logo_377,377,2,1.0,0.4
logo_377,377,3,2.0,0.4
logo_377,377,4,3.0,0.4
logo_377,377,5,0.0,0.0
logo_378,378,0,28.0,1.0
logo_378,378,1,29.0,1.0
logo_378,378,2,30.0,1.0
logo_378,378,3,3.0,0.0
logo_378,378,4,4.0,0.0
logo_378,378,5,7.0,0.0
logo_378,378,6,5.0,0.0
logo_378,378,7,1.0,0.0
logo_379,379,0,27.0,1.0
logo_379,379,1,33.0,1.0
logo_379,379,2,28.0,1.0
logo_379,379,3,31.0,1.0
logo_379,379,4,32.0,1.0
logo_379,379,5,5.0,0.0
logo_379,379,6,30.0,1.0
logo_379,379,7,29.0,1.0
logo_380,380,0,43.0,1.0
logo_380,380,1,1.0,0.0
logo_380,380,2,20.0,0.8
logo_380,380,3,21.0,0.8
logo_380,380,4,40.0,0.8
logo_380,380,5,33.0,0.8
logo_380,380,6,37.0,0.8
logo_380,380,7,22.0,0.8
logo_381,381,0,3.0,0.2
logo_381,381,1,4.0,0.2
logo_381,381,2,1.0,0.2
logo_381,381,3,23.0,1.0
logo_381,381,4,7.0,0.2
logo_381,381,5,6.0,0.2
logo_381,381,6,2.0,0.2
logo_381,381,7,10.0,0.0
logo_382,382,0,23.0,1.0
logo_382,382,1,9.0,0.0
logo_382,382,2,13.0,0.0
logo_382,382,3,14.0,0.0
logo_382,382,4,12.0,0.0
logo_382,382,5,10.0,0.0
logo_382,382,6,11.0,0.0
logo_382,382,7,24.0,0.8
logo_383,383,0,10.0,1.0
logo_383,383,1,2.0,0.0
logo_383,383,2,3.0,0.0
logo_383,383,3,6.0,0.0
logo_383,383,4,0.0,0.0
logo_383,383,5,4.0,0.0
logo_383,383,6,5.0,0.0
logo_383,383,7,1.0,0.0
logo_384,384,0,6.0,1.0
logo_384,384,1,1.0,0.4
logo_384,384,2,0.0,0.4
logo_384,384,3,7.0,0.6
logo_385,385,0,22.0,1.0
logo_385,385,1,2.0,0.0
logo_385,385,2,23.0,1.0
logo_385,385,3,4.0,0.0
logo_385,385,4,8.0,0.0
logo_385,385,5,1.0,0.0
logo_385,385,6,9.0,0.0
logo_385,385,7,5.0,0.0
logo_386,386,0,22.0,1.0
logo_386,386,1,21.0,1.0
logo_386,386,2,23.0,1.0
logo_386,386,3,13.0,0.0
logo_386,386,4,12.0,0.0
logo_386,386,5,14.0,0.0
logo_386,386,6,8.0,0.0
logo_386,386,7,15.0,0.0
logo_387,387,0,27.0,1.0
logo_387,387,1,26.0,1.0
logo_387,387,2,25.0,1.0
logo_387,387,3,24.0,1.0
logo_387,387,4,4.0,0.0
logo_387,387,5,3.0,0.0
logo_387,387,6,1.0,0.0
logo_387,387,7,2.0,0.0
logo_388,388,0,4.0,1.0
logo_388,388,1,6.0,0.6
logo_388,388,2,5.0,0.6
logo_389,389,0,33.0,1.0
logo_389,389,1,50.0,0.0
logo_389,389,2,49.0,0.0
logo_389,389,3,32.0,1.0
logo_389,389,4,9.0,0.0
logo_389,389,5,8.0,0.0
logo_389,389,6,14.0,0.0
logo_389,389,7,11.0,0.0
logo_390,390,0,23.0,1.0
logo_390,390,1,24.0,1.0
logo_390,390,2,25.0,1.0
logo_390,390,3,2.0,0.0
logo_390,390,4,4.0,0.0
logo_390,390,5,1.0,0.0
logo_390,390,6,3.0,0.0
logo_390,390,7,5.0,0.0
logo_391,391,0,4.0,0.2
logo_391,391,1,5.0,0.2
logo_391,391,2,1.0,0.2
logo_391,391,3,2.0,0.2
logo_391,391,4,6.0,0.2
logo_391,391,5,3.0,0.2
logo_391,391,6,8.0,0.2
logo_391,391,7,7.0,0.2
logo_392,392,0,35.0,0.4
logo_392,392,1,32.0,1.0
logo_392,392,2,6.0,0.0
logo_392,392,3,0.0,0.0
logo_392,392,4,2.0,0.0
logo_392,392,5,3.0,0.0
logo_392,392,6,34.0,0.0
logo_392,392,7,5.0,0.0
logo_393,393,0,22.0,1.0
logo_393,393,1,23.0,1.0
logo_393,393,2,4.0,0.0
logo_393,393,3,1.0,0.0
logo_393,393,4,2.0,0.0
logo_393,393,5,6.0,0.0
logo_393,393,6,8.0,0.0
logo_393,393,7,9.0,0.0
logo_394,394,0,0.0,0.4
logo_394,394,1,4.0,0.4
logo_394,394,2,3.0,0.4
logo_394,394,3,2.0,0.4
logo_394,394,4,1.0,0.4
logo_394,394,5,14.0,0.8
logo_394,394,6,5.0,0.0
logo_394,394,7,8.0,0.0
logo_395,395,0,22.0,1.0
logo_395,395,1,1.0,0.2
logo_395,395,2,0.0,0.2
logo_395,395,3,15.0,0.2
logo_395,395,4,13.0,0.0
logo_395,395,5,14.0,0.0
logo_395,395,6,3.0,0.0
logo_395,395,7,11.0,0.0
logo_396,396,0,26.0,1.0
logo_396,396,1,14.0,0.0
logo_396,396,2,13.0,0.0
logo_396,396,3,20.0,0.0
logo_396,396,4,15.0,0.0
logo_396,396,5,18.0,0.0
logo_396,396,6,16.0,0.0
logo_396,396,7,22.0,0.0
logo_397,397,0,28.0,1.0
logo_397,397,1,29.0,1.0
logo_397,397,2,10.0,0.2
logo_397,397,3,11.0,0.2
logo_397,397,4,13.0,0.0
logo_397,397,5,14.0,0.0
logo_397,397,6,17.0,0.0
logo_397,397,7,20.0,0.0
logo_398,398,0,18.0,1.0
logo_398,398,1,17.0,1.0
logo_398,398,2,7.0,0.0
logo_398,398,3,3.0,0.0
logo_398,398,4,2.0,0.0
logo_398,398,5,5.0,0.0
logo_398,398,6,12.0,0.0
logo_398,398,7,4.0,0.0
logo_399,399,0,31.0,0.8
logo_399,399,1,30.0,0.8
logo_399,399,2,35.0,0.6
logo_399,399,3,9.0,0.0
logo_399,399,4,10.0,0.0
logo_399,399,5,33.0,0.6
logo_399,399,6,2.0,0.0
logo_399,399,7,5.0,0.0
logo_400,400,0,18.0,1.0
logo_400,400,1,17.0,1.0
logo_400,400,2,7.0,0.0
logo_400,400,3,3.0,0.0
logo_400,400,4,2.0,0.0
logo_400,400,5,5.0,0.0
logo_400,400,6,12.0,0.0
logo_400,400,7,4.0,0.0
logo_401,401,0,26.0,1.0
logo_401,401,1,7.0,0.2
logo_401,401,2,5.0,0.2
logo_401,401,3,1.0,0.2
logo_401,401,4,3.0,0.2
logo_401,401,5,4.0,0.2
logo_401,401,6,9.0,0.2
logo_401,401,7,8.0,0.2
logo_402,402,0,44.0,1.0
logo_402,402,1,2.0,0.0
logo_402,402,2,5.0,0.0
logo_402,402,3,6.0,0.0
logo_402,402,4,1.0,0.0
logo_402,402,5,4.0,0.0
logo_402,402,6,9.0,0.0
logo_402,402,7,8.0,0.0
logo_403,403,0,22.0,1.0
logo_403,403,1,23.0,1.0
logo_403,403,2,3.0,0.0
logo_403,403,3,24.0,1.0
logo_403,403,4,5.0,0.0
logo_403,403,5,1.0,0.0
logo_403,403,6,2.0,0.0
logo_403,403,7,7.0,0.0
logo_404,404,0,2.0,0.2
logo_404,404,1,7.0,0.2
logo_404,404,2,13.0,0.2
logo_404,404,3,11.0,0.2
logo_404,404,4,6.0,0.6
logo_404,404,5,12.0,0.2
logo_404,404,6,4.0,0.2
logo_404,404,7,9.0,0.2
logo_405,405,0,3.0,1.0
logo_405,405,1,6.0,1.0
logo_405,405,2,7.0,1.0
logo_405,405,3,4.0,1.0
logo_405,405,4,5.0,1.0
logo_406,406,0,19.0,1.0
logo_406,406,1,0.0,0.2
logo_406,406,2,4.0,0.2
logo_406,406,3,3.0,0.2
logo_406,406,4,1.0,0.2
logo_406,406,5,2.0,0.2
logo_406,406,6,8.0,0.2
logo_406,406,7,10.0,0.2
logo_407,407,0,42.0,1.0
logo_407,407,1,43.0,1.0
logo_407,407,2,2.0,0.2
logo_407,407,3,1.0,0.2
logo_407,407,4,12.0,0.0
logo_407,407,5,3.0,0.2
logo_407,407,6,5.0,0.0
logo_407,407,7,9.0,0.0
logo_408,408,0,20.0,1.0
logo_408,408,1,4.0,0.0
logo_408,408,2,8.0,0.0
logo_408,408,3,3.0,0.0
logo_408,408,4,21.0,1.0
logo_408,408,5,0.0,0.0
logo_408,408,6,1.0,0.0
logo_408,408,7,10.0,0.0
logo_409,409,0,24.0,1.0
logo_409,409,1,25.0,1.0
logo_409,409,2,2.0,0.0
logo_409,409,3,3.0,0.0
logo_409,409,4,1.0,0.0
logo_409,409,5,6.0,0.0
logo_409,409,6,9.0,0.0
logo_409,409,7,4.0,0.0
logo_410,410,0,25.0,1.0
logo_410,410,1,1.0,1.0
logo_410,410,2,2.0,0.2
logo_410,410,3,4.0,0.2
logo_410,410,4,5.0,0.0
logo_410,410,5,6.0,0.0
logo_410,410,6,7.0,0.0
logo_410,410,7,3.0,0.2
logo_411,411,0,26.0,1.0
logo_411,411,1,21.0,0.8
logo_411,411,2,22.0,0.8
logo_411,411,3,1.0,0.0
logo_411,411,4,9.0,0.0
logo_411,411,5,4.0,0.0
logo_411,411,6,2.0,0.0
logo_411,411,7,8.0,0.0
logo_412,412,0,27.0,1.0
logo_412,412,1,28.0,1.0
logo_412,412,2,32.0,0.6
logo_412,412,3,30.0,0.6
logo_412,412,4,31.0,0.6
logo_412,412,5,2.0,0.0
logo_412,412,6,3.0,0.0
logo_412,412,7,8.0,0.0
logo_413,413,0,29.0,1.0
logo_413,413,1,30.0,1.0
logo_413,413,2,19.0,0.0
logo_413,413,3,18.0,0.0
logo_413,413,4,17.0,0.0
logo_413,413,5,23.0,0.0
logo_413,413,6,22.0,0.0
logo_413,413,7,24.0,0.0
logo_414,414,0,0.0,0.0
logo_414,414,1,1.0,0.0
logo_414,414,2,3.0,0.0
logo_414,414,3,5.0,0.0
logo_414,414,4,2.0,0.0
logo_414,414,5,6.0,0.0
logo_414,414,6,4.0,0.0
logo_414,414,7,9.0,0.0
logo_415,415,0,22.0,1.0
logo_415,415,1,23.0,1.0
logo_415,415,2,3.0,0.0
logo_415,415,3,5.0,0.0
logo_415,415,4,7.0,0.0
logo_415,415,5,29.0,0.0
logo_415,415,6,2.0,0.0
logo_415,415,7,10.0,0.0
logo_416,416,0,30.0,1.0
logo_416,416,1,1.0,0.0
logo_416,416,2,2.0,0.0
logo_416,416,3,4.0,0.0
logo_416,416,4,3.0,0.0
logo_416,416,5,5.0,0.0
logo_416,416,6,6.0,0.0
logo_416,416,7,8.0,0.0
logo_417,417,0,15.0,1.0
logo_417,417,1,1.0,1.0
logo_417,417,2,4.0,0.0
logo_417,417,3,3.0,0.0
logo_417,417,4,9.0,0.0
logo_417,417,5,11.0,0.0
logo_417,417,6,7.0,0.0
logo_417,417,7,10.0,0.0
logo_418,418,0,24.0,1.0
logo_418,418,1,4.0,0.0
logo_418,418,2,2.0,0.0
logo_418,418,3,3.0,0.0
logo_418,418,4,10.0,0.0
logo_418,418,5,1.0,0.0
logo_418,418,6,6.0,0.0
logo_418,418,7,9.0,0.0
logo_419,419,0,23.0,1.0
logo_419,419,1,1.0,0.2
logo_419,419,2,2.0,0.2
logo_419,419,3,6.0,0.2
logo_419,419,4,3.0,0.2
logo_419,419,5,5.0,0.2
logo_419,419,6,4.0,0.2
logo_419,419,7,9.0,0.0
logo_420,420,0,22.0,1.0
logo_420,420,1,23.0,1.0
logo_420,420,2,24.0,1.0
logo_420,420,3,3.0,0.0
logo_420,420,4,8.0,0.0
logo_420,420,5,5.0,0.0
logo_420,420,6,12.0,0.0
logo_420,420,7,2.0,0.0
logo_421,421,0,29.0,1.0
logo_421,421,1,1.0,0.2
logo_421,421,2,2.0,0.2
logo_421,421,3,5.0,0.2
logo_421,421,4,6.0,0.2
logo_421,421,5,3.0,0.2
logo_421,421,6,4.0,0.2
logo_421,421,7,7.0,0.2
logo_422,422,0,15.0,1.0
logo_422,422,1,14.0,1.0
logo_422,422,2,2.0,0.2
logo_422,422,3,7.0,0.2
logo_422,422,4,4.0,0.2
logo_422,422,5,1.0,0.2
logo_422,422,6,6.0,0.2
logo_422,422,7,3.0,0.2
logo_423,423,0,33.0,1.0
logo_423,423,1,8.0,0.0
logo_423,423,2,6.0,0.0
logo_423,423,3,3.0,0.0
logo_423,423,4,5.0,0.0
logo_423,423,5,7.0,0.0
logo_423,423,6,2.0,0.0
logo_423,423,7,10.0,0.0
logo_424,424,0,34.0,1.0
logo_424,424,1,10.0,0.0
logo_424,424,2,1.0,0.0
logo_424,424,3,2.0,0.0
logo_424,424,4,11.0,0.0
logo_424,424,5,12.0,0.0
logo_424,424,6,7.0,0.0
logo_424,424,7,5.0,0.0
logo_425,425,0,22.0,1.0
logo_425,425,1,1.0,0.4
logo_425,425,2,6.0,0.2
logo_425,425,3,5.0,0.2
logo_425,425,4,4.0,0.2
logo_425,425,5,8.0,0.2
logo_425,425,6,2.0,0.2
logo_425,425,7,3.0,0.2
logo_426,426,0,34.0,1.0
logo_426,426,1,35.0,1.0
logo_426,426,2,16.0,0.0
logo_426,426,3,3.0,0.0
logo_426,426,4,7.0,0.0
logo_426,426,5,13.0,0.0
logo_426,426,6,1.0,0.0
logo_426,426,7,6.0,0.0
logo_427,427,0,1.0,0.0
logo_427,427,1,30.0,1.0
logo_427,427,2,31.0,1.0
logo_427,427,3,4.0,0.0
logo_427,427,4,6.0,0.0
logo_427,427,5,2.0,0.0
logo_427,427,6,8.0,0.0
logo_427,427,7,0.0,0.0
logo_428,428,0,27.0,1.0
logo_428,428,1,1.0,0.2
logo_428,428,2,3.0,0.2
logo_428,428,3,8.0,0.2
logo_428,428,4,7.0,0.2
logo_428,428,5,2.0,0.2
logo_428,428,6,10.0,0.2
logo_428,428,7,6.0,0.2
logo_429,429,0,28.0,1.0
logo_429,429,1,14.0,0.2
logo_429,429,2,20.0,0.2
logo_429,429,3,15.0,0.2
logo_429,429,4,16.0,0.2
logo_429,429,5,24.0,0.2
logo_429,429,6,19.0,0.2
logo_429,429,7,18.0,0.2
logo_430,430,0,22.0,1.0
logo_430,430,1,4.0,0.2
logo_430,430,2,7.0,0.2
logo_430,430,3,3.0,0.2
logo_430,430,4,6.0,0.2
logo_430,430,5,1.0,0.2
logo_430,430,6,2.0,0.2
logo_430,430,7,5.0,0.2
logo_431,431,0,26.0,1.0
logo_431,431,1,15.0,0.2
logo_431,431,2,20.0,0.2
logo_431,431,3,17.0,0.2
logo_431,431,4,19.0,0.2
logo_431,431,5,16.0,0.2
logo_431,431,6,21.0,0.2
logo_431,431,7,22.0,0.2
logo_432,432,0,18.0,1.0
logo_432,432,1,20.0,1.0
logo_432,432,2,19.0,1.0
logo_432,432,3,1.0,0.0
logo_432,432,4,11.0,0.0
logo_432,432,5,4.0,0.0
logo_432,432,6,3.0,0.0
logo_432,432,7,9.0,0.0
logo_433,433,0,23.0,1.0
logo_433,433,1,25.0,1.0
logo_433,433,2,27.0,1.0
logo_433,433,3,1.0,0.2
logo_433,433,4,2.0,0.2
logo_433,433,5,3.0,0.2
logo_433,433,6,5.0,0.2
logo_433,433,7,4.0,0.2
logo_434,434,0,20.0,1.0
logo_434,434,1,3.0,0.2
logo_434,434,2,7.0,0.2
logo_434,434,3,1.0,0.2
logo_434,434,4,4.0,0.2
logo_434,434,5,6.0,0.2
logo_434,434,6,5.0,0.2
logo_434,434,7,2.0,0.2
logo_435,435,0,30.0,1.0
logo_435,435,1,29.0,1.0
logo_435,435,2,31.0,0.8
logo_435,435,3,32.0,0.2
logo_435,435,4,3.0,0.0
logo_435,435,5,0.0,0.0
logo_435,435,6,4.0,0.0
logo_435,435,7,5.0,0.0
logo_436,436,0,24.0,1.0
logo_436,436,1,11.0,0.2
logo_436,436,2,19.0,0.2
logo_436,436,3,12.0,0.2
logo_436,436,4,18.0,0.2
logo_436,436,5,15.0,0.2
logo_436,436,6,13.0,0.2
logo_436,436,7,17.0,0.2
