id,total_len,nb_groups,len_groups,max_len_group,start_pos
logo_0,64,8,"[7, 7, 5, 4, 4, 7, 14, 16]",16,"[P(11.9639253616333, 4.5934014320373535), P(11.9639253616333, 4.5934014320373535), P(11.963924407958984, 4.593401908874512), P(7.886682510375977, 8.97691535949707), P(16.040922164916992, 8.97691535949707), P(6.498397350311279, 13.744987487792969), P(9.333866119384766, 15.467767715454102), P(14.516189575195312, 15.467767715454102)]"
logo_1,114,8,"[7, 7, 8, 10, 23, 23, 15, 21]",23,"[P(8.111812591552734, 9.714151382446289), P(8.111812591552734, 9.714151382446289), P(8.156431198120117, 10.47614574432373), P(11.95538330078125, 11.011557579040527), P(10.309098243713379, 11.01693344116211), P(15.653003692626953, 11.01693344116211), P(7.648972034454346, 11.025534629821777), P(12.646955490112305, 11.044886589050293)]"
logo_101,40,8,"[5, 5, 5, 5, 5, 5, 5, 5]",5,"[P(11.995269775390625, 9.817630767822266), P(13.816488265991211, 10.07122802734375), P(15.33347225189209, 10.07122802734375), P(9.46766185760498, 10.222175598144531), P(10.679496765136719, 10.222175598144531), P(9.46766185760498, 11.436161041259766), P(10.679496765136719, 11.436161041259766), P(15.33347225189209, 11.588211059570312)]"
logo_100,121,8,"[15, 10, 10, 19, 21, 19, 14, 13]",21,"[P(18.257762908935547, 14.938448905944824), P(15.781749725341797, 14.93871784210205), P(17.298480987548828, 14.93871784210205), P(5.106840133666992, 14.952962875366211), P(9.75487232208252, 14.7277250289917), P(10.445101737976074, 14.952962875366211), P(11.586615562438965, 14.952962875366211), P(12.789410591125488, 14.952962875366211)]"
logo_102,101,8,"[5, 10, 5, 5, 5, 10, 32, 29]",32,"[P(12.005375862121582, 8.387491226196289), P(12.005375862121582, 11.106444358825684), P(14.254524230957031, 11.19995403289795), P(14.114945411682129, 11.854521751403809), P(13.598505020141602, 11.855515480041504), P(17.651805877685547, 14.750818252563477), P(15.493585586547852, 14.763343811035156), P(4.501468658447266, 14.807371139526367)]"
logo_10,101,8,"[11, 14, 11, 13, 21, 14, 11, 6]",21,"[P(5.903238773345947, 10.45088005065918), P(12.530304908752441, 11.600725173950195), P(10.337051391601562, 11.600994110107422), P(7.856202125549316, 11.638355255126953), P(14.242441177368164, 11.638355255126953), P(16.639968872070312, 11.63862419128418), P(18.104825973510742, 11.63862419128418), P(6.176320552825928, 12.692245483398438)]"
logo_103,424,8,"[113, 110, 53, 36, 40, 35, 26, 11]",113,"[P(16.70340347290039, 7.4231953620910645), P(15.92313003540039, 7.6067728996276855), P(5.543878555297852, 9.840343475341797), P(12.145681381225586, 11.735519409179688), P(15.925276756286621, 11.815077781677246), P(14.252386093139648, 11.876629829406738), P(9.502218246459961, 11.902432441711426), P(15.528290748596191, 15.92957878112793)]"
logo_105,141,8,"[5, 15, 11, 7, 13, 13, 60, 17]",60,"[P(13.210322380065918, 8.419029235839844), P(11.641446113586426, 10.690498352050781), P(14.299422264099121, 10.690498352050781), P(6.322537422180176, 10.720333099365234), P(8.599113464355469, 10.720333099365234), P(15.830937385559082, 10.720333099365234), P(4.380863189697266, 14.704744338989258), P(11.254940032958984, 15.079692840576172)]"
logo_104,77,8,"[4, 5, 5, 5, 17, 15, 13, 13]",17,"[P(17.523452758789062, 7.686601161956787), P(18.09514808654785, 8.924875259399414), P(16.856605529785156, 10.353715896606445), P(17.136138916015625, 11.877704620361328), P(8.437576293945312, 13.238811492919922), P(10.543476104736328, 13.239081382751465), P(5.940061569213867, 13.271872520446777), P(11.604623794555664, 13.271872520446777)]"
logo_106,72,8,"[5, 5, 5, 13, 11, 7, 13, 13]",13,"[P(4.380863189697266, 9.659050941467285), P(4.380863189697266, 9.659050941467285), P(19.428573608398438, 9.659050941467285), P(13.40626335144043, 10.585001945495605), P(15.765623092651367, 10.585001945495605), P(8.763607025146484, 10.617524147033691), P(10.510952949523926, 10.617524147033691), P(17.012229919433594, 10.617524147033691)]"
logo_107,70,8,"[3, 5, 13, 11, 7, 13, 13, 5]",13,"[P(7.583389759063721, 11.028759956359863), P(5.002285003662109, 11.411234855651855), P(13.880929946899414, 11.46337890625), P(16.496707916259766, 11.46337890625), P(8.690767288208008, 11.496707916259766), P(10.720333099365234, 11.496707916259766), P(17.981992721557617, 11.496707916259766), P(4.380863189697266, 13.89665412902832)]"
logo_109,77,8,"[4, 5, 5, 5, 15, 17, 13, 13]",17,"[P(8.003763198852539, 8.280339241027832), P(8.577879905700684, 9.524526596069336), P(7.333423137664795, 10.959817886352539), P(7.614030838012695, 12.491063117980957), P(17.184518814086914, 12.710658073425293), P(15.062490463256836, 12.710926055908203), P(12.547508239746094, 12.743717193603516), P(18.256149291992188, 12.743717193603516)]"
logo_108,98,8,"[3, 10, 13, 11, 7, 13, 13, 28]",28,"[P(7.822336196899414, 10.996371269226074), P(5.2412309646606445, 11.378578186035156), P(13.880929946899414, 11.430721282958984), P(16.496707916259766, 11.430990219116211), P(8.690767288208008, 11.46405029296875), P(10.720333099365234, 11.46405029296875), P(17.981992721557617, 11.46405029296875), P(4.380863189697266, 14.291627883911133)]"
logo_11,116,8,"[12, 14, 21, 23, 13, 11, 16, 6]",23,"[P(6.094342231750488, 10.234107971191406), P(11.927967071533203, 11.164360046386719), P(13.939793586730957, 11.357613563537598), P(16.92084503173828, 11.937105178833008), P(8.813600540161133, 11.937374114990234), P(10.81198787689209, 11.937374114990234), P(18.219863891601562, 11.983604431152344), P(6.275231838226318, 12.66308307647705)]"
logo_110,54,8,"[4, 4, 4, 4, 17, 13, 4, 4]",17,"[P(14.592241287231445, 7.59844446182251), P(11.845624923706055, 7.727165222167969), P(8.679948806762695, 7.975009918212891), P(8.25209903717041, 9.54215145111084), P(14.199307441711426, 10.62593936920166), P(18.24691390991211, 10.658865928649902), P(6.2245049476623535, 11.70069694519043), P(6.931485652923584, 14.214922904968262)]"
logo_111,50,8,"[4, 4, 4, 4, 13, 13, 4, 4]",13,"[P(14.707630157470703, 7.584682941436768), P(11.953863143920898, 7.701307773590088), P(8.678630828857422, 7.981326580047607), P(8.249706268310547, 9.53817367553711), P(11.075748443603516, 10.704290390014648), P(18.005950927734375, 10.704290390014648), P(6.216844081878662, 11.702363014221191), P(6.925652980804443, 14.22309398651123)]"
logo_112,107,8,"[6, 17, 20, 11, 13, 16, 19, 5]",20,"[P(7.152237415313721, 9.72591781616211), P(5.767519950866699, 10.372099876403809), P(18.678367614746094, 10.74925708770752), P(5.641513824462891, 10.84268569946289), P(10.458406448364258, 10.880987167358398), P(13.085819244384766, 11.46860122680664), P(15.081722259521484, 11.468655586242676), P(4.844356060028076, 13.6954984664917)]"
logo_114,246,8,"[40, 36, 23, 24, 21, 59, 22, 21]",59,"[P(13.839512825012207, 4.361567497253418), P(11.9031982421875, 7.489614486694336), P(9.385558128356934, 8.715347290039062), P(15.941640853881836, 8.781763076782227), P(9.937478065490723, 10.028192520141602), P(11.356976509094238, 11.6899995803833), P(8.055726051330566, 14.971790313720703), P(16.866710662841797, 14.971790313720703)]"
logo_113,179,8,"[38, 20, 13, 19, 16, 15, 21, 37]",38,"[P(6.763361930847168, 9.621092796325684), P(18.64603042602539, 10.676175117492676), P(10.173039436340332, 10.811910629272461), P(14.938676834106445, 11.41761302947998), P(12.881381034851074, 11.417640686035156), P(17.02387046813965, 11.417640686035156), P(4.970630645751953, 11.651778221130371), P(5.333380699157715, 13.617659568786621)]"
logo_115,139,8,"[3, 15, 11, 7, 13, 13, 60, 17]",60,"[P(15.60784912109375, 9.942883491516113), P(11.815078735351562, 10.655691146850586), P(14.512565612792969, 10.655959129333496), P(6.285983085632324, 10.711060523986816), P(8.682703971862793, 10.711060523986816), P(16.0798282623291, 10.711060523986816), P(4.380863189697266, 14.609460830688477), P(11.254940032958984, 14.984679222106934)]"
logo_116,139,8,"[3, 15, 11, 7, 13, 13, 60, 17]",60,"[P(10.601531982421875, 9.942883491516113), P(11.815078735351562, 10.655691146850586), P(14.512565612792969, 10.655959129333496), P(6.285983085632324, 10.711060523986816), P(8.682703971862793, 10.711060523986816), P(16.0798282623291, 10.711060523986816), P(4.380863189697266, 14.609460830688477), P(11.254940032958984, 14.984679222106934)]"
logo_118,104,8,"[9, 14, 10, 14, 17, 13, 13, 14]",17,"[P(5.146082401275635, 6.584061622619629), P(4.377906322479248, 8.86735725402832), P(8.327644348144531, 8.86735725402832), P(10.206961631774902, 8.86735725402832), P(4.9845452308654785, 16.502351760864258), P(14.471442222595215, 16.502351760864258), P(15.903508186340332, 16.502351760864258), P(18.38946533203125, 16.502351760864258)]"
logo_119,118,8,"[9, 20, 9, 20, 20, 13, 15, 12]",20,"[P(5.142857551574707, 8.294986724853516), P(9.989786148071289, 11.171213150024414), P(13.066254615783691, 11.171213150024414), P(15.72933578491211, 11.171213150024414), P(5.430721759796143, 14.788738250732422), P(14.133853912353516, 14.788738250732422), P(15.687139511108398, 14.788738250732422), P(17.94866371154785, 14.788738250732422)]"
logo_117,170,8,"[9, 9, 9, 31, 36, 36, 23, 17]",36,"[P(4.970569133758545, 9.573175430297852), P(10.132509231567383, 9.573175430297852), P(15.294449806213379, 9.573175430297852), P(11.214082717895508, 10.598037719726562), P(5.740626811981201, 11.222953796386719), P(16.060476303100586, 11.222953796386719), P(5.44980525970459, 13.572369575500488), P(15.771535873413086, 13.572637557983398)]"
logo_121,40,8,"[5, 5, 5, 5, 5, 5, 5, 5]",5,"[P(6.29754114151001, 7.082918643951416), P(10.738073348999023, 7.082918643951416), P(15.812660217285156, 7.082918643951416), P(16.44725227355957, 7.082918643951416), P(18.350223541259766, 7.082918643951416), P(5.6629486083984375, 7.083187580108643), P(8.20051097869873, 7.083187580108643), P(12.21825122833252, 8.563096046447754)]"
logo_120,127,8,"[9, 23, 9, 23, 23, 13, 12, 15]",23,"[P(18.213682174682617, 8.297540664672852), P(9.085875511169434, 11.255745887756348), P(12.365811347961426, 11.255745887756348), P(15.195808410644531, 11.255745887756348), P(5.973390579223633, 14.817094802856445), P(13.825830459594727, 14.817363739013672), P(17.273754119873047, 14.817363739013672), P(15.149577140808105, 14.817364692687988)]"
logo_12,102,8,"[12, 11, 21, 13, 12, 16, 11, 6]",21,"[P(5.389598369598389, 10.591721534729004), P(9.018142700195312, 11.01236343383789), P(14.28732681274414, 11.015588760375977), P(6.183577537536621, 11.02741527557373), P(10.23357105255127, 11.02741527557373), P(16.230615615844727, 11.02741527557373), P(17.99139976501465, 11.02741527557373), P(4.559870719909668, 12.16274642944336)]"
logo_123,152,8,"[16, 22, 22, 13, 16, 17, 25, 21]",25,"[P(4.952559471130371, 7.895578861236572), P(7.245800018310547, 9.707700729370117), P(15.151727676391602, 9.707700729370117), P(11.791425704956055, 9.734041213989258), P(4.380592346191406, 12.847869873046875), P(16.16341781616211, 14.931731224060059), P(4.865474700927734, 14.931998252868652), P(14.549389839172363, 14.932268142700195)]"
logo_122,53,8,"[5, 5, 5, 5, 6, 5, 6, 16]",16,"[P(9.324284553527832, 9.321730613708496), P(10.467142105102539, 9.321730613708496), P(13.514581680297852, 9.321730613708496), P(14.657439231872559, 9.321730613708496), P(9.60999870300293, 9.321999549865723), P(11.419432640075684, 9.321999549865723), P(13.80029582977295, 9.321999549865723), P(4.373337268829346, 13.323343276977539)]"
logo_127,152,8,"[17, 21, 19, 25, 13, 13, 22, 22]",25,"[P(17.08130645751953, 14.112485885620117), P(14.542402267456055, 14.113021850585938), P(18.302379608154297, 14.113021850585938), P(5.112753391265869, 14.113022804260254), P(8.545087814331055, 14.11329174041748), P(9.938448905944824, 14.11329174041748), P(7.0555033683776855, 14.122698783874512), P(12.283564567565918, 14.122698783874512)]"
logo_124,151,8,"[16, 16, 20, 20, 16, 25, 21, 17]",25,"[P(8.140304565429688, 8.584598541259766), P(11.769923210144043, 9.467275619506836), P(9.072168350219727, 9.851095199584961), P(13.185323715209961, 9.851095199584961), P(7.8250226974487305, 12.156699180603027), P(4.5590643882751465, 13.951350212097168), P(14.597232818603516, 13.951350212097168), P(16.31904411315918, 13.951350212097168)]"
logo_126,160,8,"[16, 16, 16, 22, 25, 25, 23, 17]",25,"[P(17.26354217529297, 7.118666172027588), P(11.326435089111328, 7.764546871185303), P(15.432065963745117, 7.802445411682129), P(11.810240745544434, 9.274291038513184), P(8.119338989257812, 9.926891326904297), P(14.82193374633789, 9.926891326904297), P(5.651659965515137, 15.866415023803711), P(15.575326919555664, 15.866683959960938)]"
logo_125,228,8,"[34, 34, 27, 31, 25, 25, 29, 23]",34,"[P(9.108722686767578, 10.309905052185059), P(14.114502906799316, 10.309905052185059), P(15.757291793823242, 13.384490013122559), P(9.730682373046875, 13.387984275817871), P(6.554226875305176, 13.40679931640625), P(11.995701789855957, 13.40679931640625), P(4.666845798492432, 13.407068252563477), P(17.34014129638672, 13.407068252563477)]"
logo_129,135,8,"[25, 22, 18, 17, 13, 13, 13, 14]",25,"[P(14.570354461669922, 9.686600685119629), P(9.541460037231445, 9.801370620727539), P(12.112619400024414, 10.083590507507324), P(4.37118673324585, 13.267302513122559), P(11.797070503234863, 13.267302513122559), P(14.656633377075195, 13.267302513122559), P(16.2529239654541, 13.267302513122559), P(18.91869354248047, 13.267302513122559)]"
logo_128,115,8,"[14, 24, 21, 7, 6, 17, 13, 13]",24,"[P(17.07996368408203, 7.893965244293213), P(7.003897666931152, 8.347667694091797), P(12.230345726013184, 8.701652526855469), P(17.442548751831055, 10.863190650939941), P(18.842628479003906, 10.863190650939941), P(4.834834098815918, 14.736326217651367), P(14.384895324707031, 14.736326217651367), P(15.930386543273926, 14.736326217651367)]"
logo_13,111,8,"[9, 11, 13, 20, 13, 14, 20, 11]",20,"[P(6.294046878814697, 10.095148086547852), P(10.239215850830078, 11.076737403869629), P(16.897727966308594, 11.108452796936035), P(5.569144248962402, 11.118935585021973), P(8.956592559814453, 11.118935585021973), P(11.358420372009277, 11.118935585021973), P(14.298078536987305, 11.118935585021973), P(18.27791976928711, 11.118935585021973)]"
logo_130,76,7,"[11, 13, 14, 11, 13, 9, 5]",14,"[P(4.380006313323975, 10.80833625793457), P(6.84356689453125, 10.80833625793457), P(8.694597244262695, 10.80833625793457), P(13.514607429504395, 10.80833625793457), P(15.978168487548828, 10.80833625793457), P(17.90951156616211, 10.80833625793457), P(11.924700736999512, 12.03345012664795)]"
logo_131,71,7,"[10, 10, 14, 8, 12, 12, 5]",14,"[P(4.344741344451904, 10.74803352355957), P(13.536540031433105, 10.74803352355957), P(11.262687683105469, 10.803726196289062), P(19.655258178710938, 10.803726196289062), P(6.981533050537109, 10.80380630493164), P(16.17333221435547, 10.80380630493164), P(11.979721069335938, 12.118560791015625)]"
logo_132,122,7,"[21, 21, 12, 18, 18, 25, 7]",25,"[P(6.92592191696167, 10.77055835723877), P(15.879766464233398, 10.77055835723877), P(17.987430572509766, 10.777600288391113), P(4.649676322937012, 10.795151710510254), P(13.603522300720215, 10.795151710510254), P(8.952654838562012, 10.844231605529785), P(12.303873062133789, 11.92624568939209)]"
logo_134,69,7,"[9, 9, 13, 13, 9, 11, 5]",13,"[P(4.381941318511963, 10.764402389526367), P(13.237303733825684, 10.764402389526367), P(8.66193962097168, 10.803564071655273), P(17.517303466796875, 10.803564071655273), P(17.81989860534668, 10.803564071655273), P(9.05707836151123, 10.80356502532959), P(11.748916625976562, 11.811286926269531)]"
logo_133,126,7,"[25, 19, 19, 21, 21, 14, 7]",25,"[P(10.434188842773438, 10.513399124145508), P(4.518483638763428, 10.592180252075195), P(13.871929168701172, 10.592206954956055), P(6.9139885902404785, 10.599356651306152), P(16.257890701293945, 10.599356651306152), P(18.12276268005371, 10.599356651306152), P(12.374375343322754, 12.095027923583984)]"
logo_135,148,7,"[17, 22, 35, 17, 22, 22, 13]",35,"[P(4.382559776306152, 10.69076919555664), P(6.731645584106445, 10.69076919555664), P(9.090166091918945, 10.69076919555664), P(13.541136741638184, 10.69076919555664), P(15.85331916809082, 10.69076919555664), P(17.94316291809082, 10.69076919555664), P(11.40245532989502, 11.824498176574707)]"
logo_137,72,7,"[9, 13, 15, 9, 13, 8, 5]",15,"[P(4.389493942260742, 10.210776329040527), P(6.861924171447754, 10.210776329040527), P(10.61900520324707, 10.210776329040527), P(14.055373191833496, 10.211098670959473), P(16.52775001525879, 10.211098670959473), P(18.294113159179688, 10.211098670959473), P(12.042777061462402, 11.629441261291504)]"
logo_138,117,7,"[15, 15, 13, 25, 19, 25, 5]",25,"[P(4.386456489562988, 10.790864944458008), P(13.331055641174316, 10.790864944458008), P(17.81747817993164, 10.790864944458008), P(6.794083595275879, 10.790891647338867), P(8.636029243469238, 10.790891647338867), P(15.738710403442383, 10.790891647338867), P(11.991144180297852, 12.190930366516113)]"
logo_136,98,8,"[17, 17, 12, 12, 18, 8, 5, 9]",18,"[P(5.159558296203613, 9.643106460571289), P(14.831377029418945, 9.643106460571289), P(8.018607139587402, 9.713876724243164), P(17.690452575683594, 9.713876724243164), P(8.751471519470215, 9.714037895202637), P(18.188535690307617, 9.71417236328125), P(7.68910551071167, 11.514860153198242), P(17.360952377319336, 11.514860153198242)]"
logo_139,106,7,"[11, 11, 25, 25, 13, 16, 5]",25,"[P(4.386134147644043, 10.762736320495605), P(13.596292495727539, 10.762736320495605), P(6.797362804412842, 10.810311317443848), P(16.00749397277832, 10.810311317443848), P(17.817829132080078, 10.810338020324707), P(9.002730369567871, 10.810445785522461), P(11.648015022277832, 11.87818717956543)]"
logo_14,115,8,"[9, 9, 24, 13, 12, 24, 11, 13]",24,"[P(4.380863189697266, 9.715495109558105), P(18.5566463470459, 9.715495109558105), P(5.952694416046143, 11.152667999267578), P(7.650853633880615, 11.152667999267578), P(10.810375213623047, 11.152667999267578), P(13.254402160644531, 11.152667999267578), P(16.752586364746094, 11.152667999267578), P(15.326972007751465, 11.152936935424805)]"
logo_141,85,8,"[7, 9, 7, 12, 18, 10, 10, 12]",18,"[P(12.006988525390625, 4.8676252365112305), P(9.691439628601074, 6.080633640289307), P(16.908748626708984, 6.295658588409424), P(6.691573619842529, 15.07593059539795), P(10.872732162475586, 15.07593059539795), P(4.380863189697266, 15.109796524047852), P(13.612955093383789, 15.109796524047852), P(18.36446762084961, 15.109796524047852)]"
logo_140,85,8,"[7, 9, 7, 12, 18, 10, 10, 12]",18,"[P(12.000247955322266, 4.337428092956543), P(9.09237289428711, 5.804733753204346), P(17.939285278320312, 6.723440647125244), P(7.781278610229492, 16.430635452270508), P(11.075847625732422, 16.430635452270508), P(5.940399646759033, 16.457372665405273), P(13.258857727050781, 16.457372665405273), P(17.04384994506836, 16.457372665405273)]"
logo_142,85,8,"[7, 9, 7, 12, 18, 10, 10, 12]",18,"[P(12.006451606750488, 5.772610187530518), P(10.055906295776367, 6.512027263641357), P(17.506250381469727, 6.988844871520996), P(6.691573619842529, 14.170676231384277), P(10.872732162475586, 14.170676231384277), P(4.380863189697266, 14.20454216003418), P(13.612955093383789, 14.20454216003418), P(18.364198684692383, 14.20454216003418)]"
logo_145,93,8,"[5, 5, 12, 21, 18, 10, 10, 12]",21,"[P(4.380863189697266, 9.333288192749023), P(8.571428298950195, 9.333288192749023), P(7.18881893157959, 11.020964622497559), P(10.00295639038086, 11.020964622497559), P(11.313264846801758, 11.020964622497559), P(5.459212779998779, 11.041930198669434), P(13.60892391204834, 11.041930198669434), P(17.749496459960938, 11.041930198669434)]"
logo_143,101,8,"[12, 9, 16, 16, 17, 10, 16, 5]",17,"[P(8.441876411437988, 9.662544250488281), P(8.62276554107666, 11.123639106750488), P(5.053890228271484, 11.36285400390625), P(13.760248184204102, 11.376562118530273), P(10.894233703613281, 11.383281707763672), P(7.196075916290283, 11.386507034301758), P(18.351566314697266, 11.39376449584961), P(8.195135116577148, 12.747344970703125)]"
logo_146,71,8,"[5, 5, 10, 9, 10, 7, 10, 15]",15,"[P(2.00107479095459, 2.5694122314453125), P(2.0, 2.5715627670288086), P(5.1761860847473145, 9.904716491699219), P(12.000000953674316, 9.904716491699219), P(5.1761860847473145, 10.000134468078613), P(12.382744789123535, 10.390941619873047), P(18.154010772705078, 10.645209312438965), P(5.301437854766846, 10.654616355895996)]"
logo_144,186,8,"[8, 31, 32, 10, 27, 33, 15, 30]",33,"[P(12.241903305053711, 8.806343078613281), P(17.15549087524414, 11.363526344299316), P(6.328719139099121, 11.646821022033691), P(7.599516868591309, 11.647089958190918), P(10.038972854614258, 11.647090911865234), P(14.201583862304688, 11.647090911865234), P(11.309232711791992, 11.647358894348145), P(18.51148796081543, 11.664291381835938)]"
logo_147,355,8,"[239, 26, 20, 20, 20, 6, 12, 12]",239,"[P(10.253782272338867, 11.267605781555176), P(8.678497314453125, 11.284673690795898), P(13.695526123046875, 11.28741455078125), P(17.481796264648438, 11.28741455078125), P(5.133083343505859, 11.28744125366211), P(16.504608154296875, 11.525046348571777), P(14.567136764526367, 11.717549324035645), P(18.89788055419922, 11.717549324035645)]"
logo_148,675,8,"[263, 21, 21, 21, 15, 23, 119, 192]",263,"[P(4.437391757965088, 11.492953300476074), P(9.35177230834961, 11.535690307617188), P(14.432771682739258, 11.535690307617188), P(17.462417602539062, 11.535690307617188), P(16.601558685302734, 11.535717010498047), P(12.366392135620117, 11.537517547607422), P(5.74873161315918, 11.961469650268555), P(5.17592716217041, 12.604453086853027)]"
logo_149,675,8,"[263, 119, 192, 21, 21, 15, 21, 23]",263,"[P(9.233776092529297, 9.712102890014648), P(11.200276374816895, 10.414702415466309), P(10.341324806213379, 11.378962516784668), P(4.698272705078125, 13.906225204467773), P(12.08669662475586, 13.906225204467773), P(15.240411758422852, 13.906225204467773), P(16.492162704467773, 13.906225204467773), P(7.965764045715332, 13.908939361572266)]"
logo_15,106,8,"[6, 21, 21, 13, 12, 16, 11, 6]",21,"[P(18.09514808654785, 9.714151382446289), P(6.487837791442871, 11.123908042907715), P(13.83658218383789, 11.123908042907715), P(7.649778366088867, 11.134121894836426), P(10.848004341125488, 11.134121894836426), P(15.369709014892578, 11.134121894836426), P(16.721139907836914, 11.134121894836426), P(4.380863189697266, 12.761859893798828)]"
logo_150,576,8,"[20, 21, 21, 15, 21, 23, 263, 192]",263,"[P(15.250194549560547, 11.427947998046875), P(4.6257548332214355, 11.429990768432617), P(13.95347785949707, 11.429990768432617), P(16.32291030883789, 11.429990768432617), P(17.263301849365234, 11.429990768432617), P(7.080633640289307, 11.4320068359375), P(9.72164535522461, 11.49909496307373), P(10.461820602416992, 12.597102165222168)]"
logo_151,546,8,"[197, 245, 26, 20, 20, 20, 6, 12]",245,"[P(7.3323493003845215, 11.093205451965332), P(6.149191379547119, 11.836419105529785), P(11.820332527160645, 12.149067878723145), P(14.619308471679688, 12.151378631591797), P(17.812158584594727, 12.151378631591797), P(8.830520629882812, 12.151432991027832), P(16.988121032714844, 12.351783752441406), P(15.35432243347168, 12.5141019821167)]"
logo_152,396,8,"[80, 84, 21, 21, 21, 15, 23, 131]",131,"[P(6.243104934692383, 9.111008644104004), P(7.940767288208008, 10.637940406799316), P(9.35174560546875, 10.806655883789062), P(14.432744979858398, 10.806655883789062), P(17.462390899658203, 10.806655883789062), P(16.601531982421875, 10.806682586669922), P(12.366365432739258, 10.808483123779297), P(6.884018898010254, 11.690656661987305)]"
logo_154,341,8,"[84, 131, 20, 20, 21, 21, 21, 23]",131,"[P(12.925085067749023, 10.812394142150879), P(12.001519203186035, 11.730289459228516), P(19.14080810546875, 11.820089340209961), P(9.258477210998535, 11.82011604309082), P(13.505012512207031, 11.822294235229492), P(17.076229095458984, 11.822294235229492), P(4.6461286544799805, 11.822320938110352), P(7.294907569885254, 11.824524879455566)]"
logo_153,274,8,"[102, 17, 17, 10, 16, 29, 22, 61]",102,"[P(11.754366874694824, 4.372608184814453), P(4.948919773101807, 8.475017547607422), P(11.976607322692871, 8.475017547607422), P(15.037603378295898, 8.952688217163086), P(13.722622871398926, 8.952713012695312), P(8.199243545532227, 8.952713966369629), P(16.105432510375977, 8.952738761901855), P(13.409092903137207, 11.172586441040039)]"
logo_156,184,8,"[50, 54, 26, 14, 14, 14, 3, 9]",54,"[P(10.375218391418457, 8.125327110290527), P(14.316253662109375, 11.884665489196777), P(9.222728729248047, 13.929219245910645), P(5.2402472496032715, 13.932336807250977), P(12.950942039489746, 13.932336807250977), P(17.203872680664062, 13.932336807250977), P(16.106243133544922, 14.199239730834961), P(9.950889587402344, 14.517748832702637)]"
logo_155,185,8,"[5, 53, 29, 22, 22, 22, 16, 16]",53,"[P(13.08829116821289, 7.839758396148682), P(19.617979049682617, 9.58101749420166), P(8.262554168701172, 14.441936492919922), P(5.149425029754639, 14.441964149475098), P(12.083873748779297, 14.441964149475098), P(16.161909103393555, 14.441964149475098), P(13.718910217285156, 14.44198989868164), P(18.642969131469727, 14.44198989868164)]"
logo_158,126,8,"[5, 16, 20, 17, 21, 17, 17, 13]",21,"[P(10.950549125671387, 10.290067672729492), P(15.501267433166504, 12.239633560180664), P(7.859272480010986, 12.258098602294922), P(4.380006313323975, 12.258152961730957), P(5.669279098510742, 12.258152961730957), P(12.48253345489502, 12.258152961730957), P(16.453216552734375, 12.258152961730957), P(18.78711700439453, 12.258152961730957)]"
logo_157,533,8,"[50, 337, 26, 20, 20, 20, 6, 54]",337,"[P(4.869057655334473, 10.477234840393066), P(5.8884453773498535, 11.025418281555176), P(11.820520401000977, 11.490789413452148), P(14.616727828979492, 11.493127822875977), P(17.806407928466797, 11.493127822875977), P(8.833639144897461, 11.493155479431152), P(16.983177185058594, 11.693318367004395), P(7.391293525695801, 12.883221626281738)]"
logo_16,106,8,"[6, 6, 21, 21, 13, 12, 16, 11]",21,"[P(5.904582977294922, 9.619003295898438), P(18.09514808654785, 9.619003295898438), P(6.5394439697265625, 11.137616157531738), P(13.804865837097168, 11.137616157531738), P(7.6683244705200195, 11.147561073303223), P(10.816288948059082, 11.147561073303223), P(15.300363540649414, 11.147561073303223), P(16.689693450927734, 11.147561073303223)]"
logo_159,179,8,"[53, 5, 20, 15, 21, 21, 21, 23]",53,"[P(11.180063247680664, 9.233749389648438), P(11.23989486694336, 10.558690071105957), P(10.321327209472656, 12.862082481384277), P(15.142090797424316, 12.864581108093262), P(4.683059215545654, 12.864608764648438), P(11.953863143920898, 12.864608764648438), P(16.415855407714844, 12.864608764648438), P(7.940471649169922, 12.867135047912598)]"
logo_160,181,8,"[53, 7, 20, 15, 21, 21, 21, 23]",53,"[P(10.541487693786621, 8.087361335754395), P(11.184632301330566, 10.424755096435547), P(18.536502838134766, 14.148587226867676), P(14.899514198303223, 14.150978088378906), P(5.211272239685059, 14.151005744934082), P(11.946257591247559, 14.151005744934082), P(16.07942008972168, 14.151005744934082), P(8.228607177734375, 14.15334415435791)]"
logo_161,130,8,"[5, 20, 24, 20, 17, 17, 17, 10]",24,"[P(11.702631950378418, 9.695639610290527), P(5.0319132804870605, 11.557958602905273), P(8.1808443069458, 11.557958602905273), P(16.59964942932129, 11.557958602905273), P(10.58973503112793, 11.574112892150879), P(14.085824966430664, 11.574112892150879), P(19.156503677368164, 11.574112892150879), P(15.463905334472656, 11.576800346374512)]"
logo_165,117,8,"[6, 21, 16, 19, 11, 6, 15, 23]",23,"[P(9.942749977111816, 8.190431594848633), P(12.863325119018555, 11.295121192932129), P(16.853113174438477, 11.8402099609375), P(15.404918670654297, 11.853111267089844), P(18.459348678588867, 11.891816139221191), P(4.395645618438721, 13.670877456665039), P(15.574251174926758, 14.516999244689941), P(16.98830795288086, 14.517000198364258)]"
logo_163,118,8,"[7, 7, 20, 14, 17, 11, 15, 27]",27,"[P(19.484479904174805, 7.802311420440674), P(12.093267440795898, 8.966939926147461), P(4.401558876037598, 11.618465423583984), P(9.056310653686523, 12.279666900634766), P(7.411369800567627, 12.2869234085083), P(10.770326614379883, 12.333422660827637), P(12.748555183410645, 15.398333549499512), P(13.488779067993164, 15.398333549499512)]"
logo_164,108,8,"[7, 7, 17, 14, 13, 15, 15, 20]",20,"[P(13.388792037963867, 6.0886969566345215), P(4.519016265869141, 7.486358642578125), P(10.273350715637207, 13.096626281738281), P(14.002689361572266, 13.775567054748535), P(16.49052619934082, 13.775567054748535), P(17.955385208129883, 13.820722579956055), P(15.615374565124512, 17.070016860961914), P(16.74129867553711, 17.07028579711914)]"
logo_162,122,8,"[9, 26, 20, 20, 20, 9, 6, 12]",26,"[P(6.4332685470581055, 11.499847412109375), P(11.757732391357422, 11.704070091247559), P(8.662585258483887, 11.706488609313965), P(14.44295883178711, 11.706488609313965), P(17.748348236083984, 11.706488609313965), P(4.878787517547607, 11.720331192016602), P(16.89528465270996, 11.913935661315918), P(12.523603439331055, 12.081978797912598)]"
logo_166,108,8,"[7, 7, 17, 14, 13, 15, 15, 20]",20,"[P(17.543657302856445, 4.277384281158447), P(6.4563446044921875, 6.024341583251953), P(6.619831562042236, 13.963663101196289), P(10.967872619628906, 14.770215034484863), P(13.840494155883789, 14.770416259765625), P(15.497945785522461, 14.824441909790039), P(12.721683502197266, 18.56167221069336), P(14.01809310913086, 18.56167221069336)]"
logo_168,76,8,"[5, 5, 5, 5, 17, 13, 15, 11]",17,"[P(6.820051193237305, 8.090041160583496), P(9.571562767028809, 8.090311050415039), P(5.813197135925293, 9.097164154052734), P(10.57841682434082, 9.097164154052734), P(9.502486228942871, 11.923129081726074), P(16.449132919311523, 12.841822624206543), P(13.516463279724121, 12.865743637084961), P(17.616451263427734, 12.884827613830566)]"
logo_167,98,8,"[5, 7, 7, 17, 13, 14, 15, 20]",20,"[P(4.380863189697266, 4.380863189697266), P(17.17376708984375, 5.523988723754883), P(6.825964450836182, 6.927026271820068), P(7.2248358726501465, 13.309501647949219), P(13.56484317779541, 13.996774673461914), P(11.036420822143555, 13.997044563293457), P(15.007390975952148, 14.04327392578125), P(13.7849760055542, 17.195270538330078)]"
logo_169,76,8,"[5, 5, 17, 5, 5, 13, 15, 11]",17,"[P(17.10146713256836, 8.63808536529541), P(14.212337493896484, 8.638086318969727), P(4.343233108520508, 11.525869369506836), P(16.212068557739258, 12.102136611938477), P(15.656497955322266, 12.251041412353516), P(11.330198287963867, 12.4241361618042), P(8.365273475646973, 12.447251319885254), P(12.569547653198242, 12.466066360473633)]"
logo_170,76,8,"[5, 5, 5, 17, 13, 15, 11, 5]",17,"[P(14.370112419128418, 8.68445110321045), P(16.070959091186523, 8.684720039367676), P(17.544147491455078, 9.53514289855957), P(4.384356498718262, 10.904582977294922), P(11.843838691711426, 11.90068531036377), P(8.700174331665039, 11.926488876342773), P(13.073243141174316, 11.947184562683105), P(16.114233016967773, 12.752452850341797)]"
logo_17,110,8,"[6, 20, 13, 13, 12, 20, 13, 13]",20,"[P(15.043139457702637, 9.712000846862793), P(4.38543176651001, 12.226716995239258), P(6.286520957946777, 12.226716995239258), P(8.623302459716797, 12.226716995239258), P(9.508668899536133, 12.226716995239258), P(11.918023109436035, 12.226716995239258), P(14.269587516784668, 12.226716995239258), P(15.720736503601074, 12.226716995239258)]"
logo_172,92,8,"[17, 13, 15, 15, 5, 4, 3, 20]",20,"[P(6.662008285522461, 8.414191246032715), P(9.67961311340332, 8.414191246032715), P(12.487837791442871, 8.414191246032715), P(15.60677433013916, 8.414191246032715), P(6.2687811851501465, 11.872597694396973), P(19.04851531982422, 11.882004737854004), P(8.166913986206055, 11.908345222473145), P(14.03198528289795, 14.668457984924316)]"
logo_171,110,8,"[10, 17, 11, 11, 20, 10, 11, 20]",20,"[P(6.406665802001953, 7.696009159088135), P(9.521032333374023, 8.90149211883545), P(15.180217742919922, 9.901357650756836), P(17.809703826904297, 9.901357650756836), P(13.380459785461426, 9.901626586914062), P(9.125655174255371, 13.483134269714355), P(16.654481887817383, 13.606505393981934), P(17.43260383605957, 13.606505393981934)]"
logo_174,112,8,"[5, 25, 17, 15, 13, 16, 5, 16]",25,"[P(3.9999990463256836, 9.279946327209473), P(11.95442008972168, 12.836223602294922), P(11.049899101257324, 12.879685401916504), P(13.217081069946289, 12.88250732421875), P(9.273595809936523, 12.882789611816406), P(10.080185890197754, 12.882789611816406), P(10.563348770141602, 12.882789611816406), P(13.691495895385742, 12.882789611816406)]"
logo_173,114,8,"[5, 25, 17, 15, 13, 16, 16, 7]",25,"[P(3.9999990463256836, 9.279946327209473), P(11.95442008972168, 12.836223602294922), P(11.049899101257324, 12.879685401916504), P(13.217081069946289, 12.88250732421875), P(9.273595809936523, 12.882789611816406), P(10.080185890197754, 12.882789611816406), P(13.691495895385742, 12.882789611816406), P(14.53562068939209, 12.882789611816406)]"
logo_175,500,8,"[5, 78, 56, 116, 116, 91, 25, 13]",116,"[P(3.9999990463256836, 9.59998607635498), P(14.37503719329834, 10.405729293823242), P(6.27611780166626, 10.615138053894043), P(8.75007438659668, 10.620781898498535), P(9.431076049804688, 10.620781898498535), P(17.419645309448242, 11.459545135498047), P(9.799656867980957, 12.860776901245117), P(10.721675872802734, 12.867549896240234)]"
logo_177,110,8,"[5, 9, 15, 16, 16, 14, 20, 15]",20,"[P(3.9999990463256836, 9.59998607635498), P(5.759369850158691, 10.62445068359375), P(12.041346549987793, 11.07713508605957), P(8.66935920715332, 11.090117454528809), P(9.649515151977539, 11.090117454528809), P(18.20901870727539, 11.11495304107666), P(15.979186058044434, 11.168575286865234), P(15.110224723815918, 11.20215892791748)]"
logo_176,289,8,"[5, 55, 72, 30, 30, 31, 30, 36]",72,"[P(3.9999990463256836, 9.279946327209473), P(6.502178192138672, 10.409398078918457), P(15.702042579650879, 10.517206192016602), P(10.131548881530762, 10.912599563598633), P(10.53117561340332, 10.912599563598633), P(18.24514389038086, 11.697739601135254), P(11.36711597442627, 11.709311485290527), P(17.664615631103516, 11.366976737976074)]"
logo_179,122,8,"[16, 16, 20, 19, 8, 19, 16, 8]",20,"[P(11.471038818359375, 10.586883544921875), P(12.267168045043945, 10.586883544921875), P(7.423733711242676, 10.587152481079102), P(9.299287796020508, 10.587152481079102), P(19.617794036865234, 10.612686157226562), P(4.381669521331787, 10.627737998962402), P(8.501276969909668, 10.924203872680664), P(16.118534088134766, 11.527348518371582)]"
logo_178,104,8,"[14, 14, 13, 13, 23, 11, 10, 6]",23,"[P(8.202392578125, 10.348474502563477), P(10.9267578125, 10.348474502563477), P(13.916409492492676, 10.348474502563477), P(15.02647590637207, 10.348474502563477), P(4.379249572753906, 10.531246185302734), P(10.2136812210083, 10.792770385742188), P(16.520360946655273, 10.792770385742188), P(19.620481491088867, 11.751511573791504)]"
logo_18,111,8,"[6, 15, 20, 13, 13, 20, 13, 11]",20,"[P(16.955249786376953, 10.087891578674316), P(8.753124237060547, 12.005375862121582), P(4.377906322479248, 12.020696640014648), P(6.321731090545654, 12.020696640014648), P(9.96989631652832, 12.020696640014648), P(12.49079418182373, 12.020696640014648), P(14.91143798828125, 12.020696640014648), P(16.296733856201172, 12.020696640014648)]"
logo_180,130,8,"[21, 18, 16, 15, 15, 23, 15, 7]",23,"[P(15.758366584777832, 10.580835342407227), P(7.714554786682129, 10.59158706665039), P(9.998119354248047, 10.59158706665039), P(12.573579788208008, 10.59158706665039), P(13.533933639526367, 10.59158706665039), P(4.381669521331787, 10.677597045898438), P(11.20010757446289, 10.942346572875977), P(19.618331909179688, 11.92447280883789)]"
logo_181,128,8,"[21, 18, 17, 17, 23, 21, 5, 6]",23,"[P(7.905389308929443, 10.649240493774414), P(10.197823524475098, 10.649240493774414), P(12.726784706115723, 10.649240493774414), P(13.682838439941406, 10.649240493774414), P(5.670743465423584, 10.73820686340332), P(11.235586166381836, 11.0112886428833), P(19.61859893798828, 11.304529190063477), P(15.599784851074219, 12.570219039916992)]"
logo_182,114,8,"[17, 17, 14, 14, 14, 10, 19, 9]",19,"[P(4.815481662750244, 10.671684265136719), P(8.913586616516113, 10.671684265136719), P(11.740626335144043, 10.671684265136719), P(15.004973411560059, 10.671684265136719), P(16.19782257080078, 10.671684265136719), P(17.73390769958496, 11.08614444732666), P(13.226180076599121, 11.086413383483887), P(9.002822875976562, 12.572504043579102)]"
logo_183,134,8,"[19, 19, 16, 16, 20, 19, 16, 9]",20,"[P(18.021236419677734, 9.526677131652832), P(10.352373123168945, 11.747076988220215), P(13.028088569641113, 11.747076988220215), P(14.007795333862305, 11.747076988220215), P(8.036286354064941, 11.747345924377441), P(4.30426025390625, 11.79653263092041), P(9.370514869689941, 12.156431198120117), P(12.907942771911621, 13.711329460144043)]"
logo_185,114,8,"[17, 17, 14, 14, 14, 19, 10, 9]",19,"[P(7.301438331604004, 11.62088394165039), P(10.319043159484863, 11.62088394165039), P(12.33328914642334, 11.62088394165039), P(14.692649841308594, 11.62088394165039), P(15.561887741088867, 11.62088394165039), P(13.433140754699707, 11.948259353637695), P(16.702056884765625, 11.948259353637695), P(19.619138717651367, 13.206154823303223)]"
logo_184,108,8,"[9, 17, 17, 14, 14, 14, 14, 9]",17,"[P(5.5237202644348145, 10.552345275878906), P(8.45020866394043, 11.420507431030273), P(10.181696891784668, 11.42050838470459), P(12.01612663269043, 11.42050838470459), P(14.173364639282227, 11.42050838470459), P(14.969493865966797, 11.42050838470459), P(11.608386039733887, 11.726112365722656), P(19.619138717651367, 12.837790489196777)]"
logo_186,125,8,"[20, 19, 16, 16, 19, 16, 10, 9]",20,"[P(11.383417129516602, 11.176186561584473), P(13.68122673034668, 11.176186561584473), P(16.31850814819336, 11.176454544067383), P(17.28020477294922, 11.176454544067383), P(7.751914978027344, 11.222684860229492), P(12.718183517456055, 11.561617851257324), P(18.410160064697266, 11.56188678741455), P(10.052949905395508, 13.111679077148438)]"
logo_188,96,8,"[15, 14, 14, 11, 11, 11, 11, 9]",15,"[P(5.619675159454346, 11.401558876037598), P(10.336782455444336, 11.69426155090332), P(11.485822677612305, 11.696681022644043), P(6.062356948852539, 11.718451499938965), P(8.411235809326172, 11.718451499938965), P(7.484746932983398, 11.776508331298828), P(10.010214805603027, 11.88052749633789), P(17.712135314941406, 13.333288192749023)]"
logo_189,119,8,"[14, 14, 16, 16, 25, 15, 10, 9]",25,"[P(8.176857948303223, 11.444429397583008), P(10.520092010498047, 11.444429397583008), P(13.148233413696289, 11.447117805480957), P(14.140573501586914, 11.447117805480957), P(5.189624786376953, 11.447654724121094), P(11.78228759765625, 11.696008682250977), P(15.426153182983398, 11.696008682250977), P(13.24795150756836, 13.231554985046387)]"
logo_187,92,8,"[7, 15, 14, 14, 11, 11, 11, 9]",15,"[P(18.473861694335938, 10.073512077331543), P(5.619675159454346, 11.537562370300293), P(10.336782455444336, 11.830265045166016), P(11.485822677612305, 11.832683563232422), P(6.062356948852539, 11.85445499420166), P(7.484746932983398, 11.912511825561523), P(10.010214805603027, 12.01653003692627), P(17.712135314941406, 13.316892623901367)]"
logo_2,196,8,"[14, 14, 19, 41, 41, 25, 15, 27]",41,"[P(12.599828720092773, 4.427239418029785), P(13.363564491271973, 6.671985149383545), P(9.472164154052734, 9.459031105041504), P(12.01910400390625, 9.488121032714844), P(15.979972839355469, 9.488121032714844), P(14.575379371643066, 9.492679595947266), P(12.951955795288086, 9.497673034667969), P(15.59788990020752, 16.759014129638672)]"
logo_19,112,8,"[13, 10, 24, 13, 12, 24, 11, 5]",24,"[P(9.296600341796875, 10.379518508911133), P(16.122295379638672, 10.413654327392578), P(4.3803253173828125, 10.413923263549805), P(6.520359992980957, 10.413923263549805), P(10.476818084716797, 10.413923263549805), P(13.473458290100098, 10.413923263549805), P(17.890605926513672, 10.413923263549805), P(4.3814005851745605, 13.163284301757812)]"
logo_190,110,8,"[9, 16, 16, 17, 17, 11, 15, 9]",17,"[P(12.00080680847168, 8.762128829956055), P(15.671819686889648, 12.420239448547363), P(17.05819320678711, 12.420239448547363), P(13.009275436401367, 12.425345420837402), P(11.336648941040039, 12.436098098754883), P(7.81911039352417, 12.569682121276855), P(5.536352634429932, 12.591721534729004), P(10.202392578125, 14.323747634887695)]"
logo_191,168,8,"[9, 27, 24, 28, 23, 23, 25, 9]",28,"[P(12.004570007324219, 8.571697235107422), P(12.245667457580566, 12.334094047546387), P(5.5135064125061035, 12.33651351928711), P(13.339065551757812, 12.355865478515625), P(15.424271583557129, 12.406664848327637), P(16.682167053222656, 12.406664848327637), P(11.261120796203613, 12.520359992980957), P(10.206155776977539, 14.66684627532959)]"
logo_20,110,8,"[13, 24, 13, 12, 24, 8, 11, 5]",24,"[P(9.297406196594238, 10.685391426086426), P(4.381131172180176, 10.719795227050781), P(6.521166801452637, 10.719795227050781), P(10.47762393951416, 10.719795227050781), P(13.474264144897461, 10.719795227050781), P(16.12310218811035, 10.719795227050781), P(17.891414642333984, 10.719795227050781), P(16.162343978881836, 12.705281257629395)]"
logo_21,102,8,"[13, 24, 5, 12, 24, 8, 11, 5]",24,"[P(9.297406196594238, 10.685391426086426), P(4.381131172180176, 10.719795227050781), P(6.521166801452637, 10.719795227050781), P(10.47762393951416, 10.719795227050781), P(13.474264144897461, 10.719795227050781), P(16.12310218811035, 10.719795227050781), P(17.891414642333984, 10.719795227050781), P(6.521166801452637, 12.553420066833496)]"
logo_22,129,8,"[15, 15, 27, 13, 12, 27, 15, 5]",27,"[P(11.463244438171387, 11.009138107299805), P(16.886171340942383, 11.04434871673584), P(7.285311698913574, 11.049993515014648), P(9.11409854888916, 11.049993515014648), P(12.38731575012207, 11.049993515014648), P(14.690230369567871, 11.049993515014648), P(18.24862289428711, 11.049993515014648), P(4.3803253173828125, 11.052412033081055)]"
logo_23,129,8,"[15, 15, 27, 13, 12, 27, 15, 5]",27,"[P(11.463244438171387, 11.009138107299805), P(16.886171340942383, 11.04434871673584), P(7.285311698913574, 11.049993515014648), P(9.11409854888916, 11.049993515014648), P(12.38731575012207, 11.049993515014648), P(14.690230369567871, 11.049993515014648), P(18.24862289428711, 11.049993515014648), P(4.3803253173828125, 11.052412033081055)]"
logo_26,84,8,"[5, 5, 5, 20, 13, 12, 13, 11]",20,"[P(7.466738224029541, 7.047573566436768), P(4.380863189697266, 9.409622192382812), P(7.466738224029541, 9.409622192382812), P(12.766026496887207, 11.689691543579102), P(14.768983840942383, 11.689691543579102), P(18.19432830810547, 11.689691543579102), P(11.510549545288086, 14.704609870910645), P(18.192447662353516, 14.704609870910645)]"
logo_24,84,8,"[5, 5, 5, 20, 13, 12, 11, 13]",20,"[P(5.678269386291504, 10.018948554992676), P(4.38328218460083, 11.69533634185791), P(5.678269386291504, 11.69533634185791), P(8.717914581298828, 11.69909954071045), P(9.773418426513672, 11.69909954071045), P(11.5645751953125, 11.69909954071045), P(18.833221435546875, 11.69909954071045), P(15.202795028686523, 11.699368476867676)]"
logo_25,93,8,"[5, 21, 12, 5, 5, 14, 16, 15]",21,"[P(6.895578861236572, 9.599919319152832), P(11.459750175476074, 10.956457138061523), P(14.94503402709961, 10.964789390563965), P(4.381937503814697, 10.971240997314453), P(6.896116256713867, 10.971508979797363), P(11.342024803161621, 12.97365951538086), P(13.704071998596191, 12.98414134979248), P(18.416610717773438, 12.984411239624023)]"
logo_27,148,8,"[21, 21, 21, 12, 23, 16, 16, 18]",23,"[P(8.825427055358887, 11.39295768737793), P(11.08829402923584, 11.779733657836914), P(16.100793838500977, 11.779733657836914), P(10.43220043182373, 11.78188419342041), P(14.265286445617676, 11.78188419342041), P(17.77288055419922, 11.78188419342041), P(19.246604919433594, 11.78188419342041), P(12.387313842773438, 11.802311897277832)]"
logo_28,39,8,"[4, 5, 5, 5, 5, 5, 5, 5]",5,"[P(3.061415672302246, 9.358016014099121), P(3.198763847351074, 9.552345275878906), P(3.242036819458008, 9.6085205078125), P(3.3027820587158203, 9.67920970916748), P(3.2742910385131836, 9.697486877441406), P(3.318370819091797, 9.745060920715332), P(3.3629884719848633, 9.849079132080078), P(3.427764892578125, 9.96841812133789)]"
logo_3,196,8,"[14, 14, 19, 41, 41, 25, 15, 27]",41,"[P(12.599828720092773, 4.4595866203308105), P(13.363564491271973, 6.70433235168457), P(9.472164154052734, 9.491595268249512), P(12.01910400390625, 9.520467758178711), P(15.979972839355469, 9.520467758178711), P(14.575379371643066, 9.525243759155273), P(12.951955795288086, 9.530019760131836), P(15.59788990020752, 16.791576385498047)]"
logo_29,138,8,"[20, 11, 22, 22, 21, 14, 14, 14]",22,"[P(4.4432196617126465, 11.961564064025879), P(6.635667324066162, 12.397258758544922), P(7.539577960968018, 12.397258758544922), P(12.385164260864258, 12.397258758544922), P(10.463916778564453, 12.397527694702148), P(13.901357650756836, 12.397527694702148), P(15.309233665466309, 12.397527694702148), P(8.436500549316406, 12.411503791809082)]"
logo_30,201,8,"[9, 19, 66, 25, 25, 25, 16, 16]",66,"[P(16.947723388671875, 11.01505184173584), P(4.546431541442871, 11.076602935791016), P(18.20024299621582, 11.094880104064941), P(7.220804214477539, 11.610133171081543), P(12.428706169128418, 11.610133171081543), P(10.193791389465332, 11.61040210723877), P(13.955113410949707, 11.61040210723877), P(15.416476249694824, 11.61040210723877)]"
logo_31,152,8,"[9, 19, 17, 25, 16, 16, 25, 25]",25,"[P(4.777046203613281, 11.047574043273926), P(8.598575592041016, 11.182501792907715), P(12.338665008544922, 11.67007064819336), P(14.111278533935547, 11.67007064819336), P(17.697086334228516, 11.67007064819336), P(19.13721466064453, 11.67007064819336), P(11.206021308898926, 11.670608520507812), P(16.226852416992188, 11.670608520507812)]"
logo_32,148,8,"[21, 21, 21, 23, 16, 16, 12, 18]",23,"[P(5.0154547691345215, 13.203198432922363), P(8.126596450805664, 13.718989372253418), P(14.936433792114258, 13.718989372253418), P(12.3948392868042, 13.718990325927734), P(17.157642364501953, 13.718990325927734), P(19.168121337890625, 13.718990325927734), P(7.189087390899658, 13.721677780151367), P(9.83873176574707, 13.749093055725098)]"
logo_33,157,8,"[9, 27, 16, 16, 16, 25, 25, 23]",27,"[P(5.5237202644348145, 7.047573566436768), P(5.533127784729004, 13.574653625488281), P(10.402365684509277, 14.049858093261719), P(15.951083183288574, 14.049858093261719), P(17.619945526123047, 14.049858093261719), P(9.029969215393066, 14.055502891540527), P(14.63459300994873, 14.055502891540527), P(11.993012428283691, 14.06087875366211)]"
logo_34,126,8,"[14, 10, 19, 22, 19, 14, 14, 14]",22,"[P(6.5757293701171875, 12.802848815917969), P(9.096357345581055, 13.408681869506836), P(9.956457138061523, 13.408681869506836), P(13.467813491821289, 13.408681869506836), P(15.672892570495605, 13.408681869506836), P(17.53742790222168, 13.408681869506836), P(19.240962982177734, 13.408681869506836), P(11.806208610534668, 13.440936088562012)]"
logo_35,202,8,"[9, 66, 19, 17, 25, 16, 25, 25]",66,"[P(4.8531107902526855, 10.255879402160645), P(18.17739486694336, 10.658514022827148), P(5.2471442222595215, 11.836043357849121), P(9.220266342163086, 12.369842529296875), P(11.120817184448242, 12.369842529296875), P(14.964387893676758, 12.369842529296875), P(8.020696640014648, 12.369843482971191), P(13.395779609680176, 12.369843482971191)]"
logo_36,114,8,"[15, 15, 15, 10, 14, 16, 18, 11]",18,"[P(13.274101257324219, 13.011512756347656), P(14.469165802001953, 13.011512756347656), P(17.277816772460938, 13.011512756347656), P(6.205770969390869, 13.014522552490234), P(10.245692253112793, 13.014522552490234), P(11.844120025634766, 13.014549255371094), P(7.777184963226318, 13.01455020904541), P(15.266887664794922, 13.044599533081055)]"
logo_37,165,8,"[10, 17, 19, 25, 23, 23, 23, 25]",25,"[P(6.484767913818359, 13.213582992553711), P(17.0074462890625, 13.213582992553711), P(11.024518966674805, 13.213583946228027), P(12.693581581115723, 13.213583946228027), P(14.295585632324219, 13.213610649108887), P(15.814157485961914, 13.213610649108887), P(19.077106475830078, 13.213610649108887), P(8.355554580688477, 13.213637351989746)]"
logo_4,87,8,"[5, 5, 23, 16, 23, 5, 5, 5]",23,"[P(8.190566062927246, 7.4285712242126465), P(9.142857551574707, 10.095417022705078), P(12.456390380859375, 10.88563346862793), P(15.566994667053223, 10.88563346862793), P(17.410024642944336, 10.88563346862793), P(19.047441482543945, 12.0), P(15.428302764892578, 13.142857551574707), P(6.857142925262451, 14.66684627532959)]"
logo_39,121,8,"[5, 9, 16, 28, 21, 22, 10, 10]",28,"[P(5.777449607849121, 10.603279113769531), P(5.7777180671691895, 10.82663631439209), P(5.912646293640137, 11.155355453491211), P(8.141379356384277, 11.358284950256348), P(17.706222534179688, 11.358284950256348), P(10.116381645202637, 11.452627182006836), P(9.0718994140625, 11.762531280517578), P(11.190969467163086, 11.762531280517578)]"
logo_38,114,8,"[5, 17, 24, 17, 10, 10, 17, 14]",24,"[P(10.17497730255127, 9.11355972290039), P(11.2057523727417, 9.909688949584961), P(6.761188507080078, 10.027684211730957), P(13.65031623840332, 10.049186706542969), P(12.224164009094238, 10.505577087402344), P(14.880258560180664, 10.505577087402344), P(17.295793533325195, 12.35075855255127), P(19.10576629638672, 12.928369522094727)]"
logo_40,97,8,"[5, 5, 16, 17, 17, 17, 10, 10]",17,"[P(6.2298078536987305, 10.151055335998535), P(6.230076789855957, 10.446714401245117), P(6.408547401428223, 10.88187026977539), P(9.119474411010742, 11.220266342163086), P(17.806480407714844, 11.238543510437012), P(10.964386940002441, 11.331273078918457), P(9.879586219787598, 11.69466495513916), P(11.893294334411621, 11.69466495513916)]"
logo_41,105,8,"[5, 7, 21, 21, 17, 10, 10, 14]",21,"[P(7.568337440490723, 9.200241088867188), P(5.86050271987915, 10.68068790435791), P(8.945570945739746, 11.791290283203125), P(13.08910083770752, 11.795860290527344), P(17.964521408081055, 11.810105323791504), P(9.645209312438965, 12.269721984863281), P(11.743045806884766, 12.269721984863281), P(19.301708221435547, 12.272409439086914)]"
logo_42,122,8,"[13, 13, 21, 13, 17, 16, 11, 18]",21,"[P(14.211532592773438, 9.086950302124023), P(13.768041610717773, 9.08721923828125), P(5.158446788787842, 11.229673385620117), P(13.3508939743042, 11.325090408325195), P(9.891950607299805, 11.441473007202148), P(11.66698169708252, 11.88711166381836), P(7.3374552726745605, 11.887649536132812), P(8.61147689819336, 11.887649536132812)]"
logo_43,122,8,"[13, 13, 13, 21, 17, 16, 11, 18]",21,"[P(13.432334899902344, 8.952560424804688), P(16.091655731201172, 10.734041213989258), P(12.007256507873535, 10.734579086303711), P(5.158446788787842, 11.229673385620117), P(9.660799026489258, 11.441473007202148), P(11.358689308166504, 11.88711166381836), P(7.260583400726318, 11.887649536132812), P(8.457466125488281, 11.887649536132812)]"
logo_44,115,8,"[15, 15, 15, 10, 18, 9, 13, 20]",20,"[P(13.025400161743164, 9.24862289428711), P(14.404784202575684, 9.627872467041016), P(14.74963092803955, 11.041930198669434), P(9.010886192321777, 11.854723930358887), P(5.171079635620117, 11.85741138458252), P(10.049186706542969, 11.884827613830566), P(11.874749183654785, 11.885096549987793), P(6.419836044311523, 11.88536548614502)]"
logo_45,111,8,"[15, 15, 15, 15, 17, 10, 10, 14]",17,"[P(12.627603530883789, 8.891412734985352), P(14.20400619506836, 9.324956893920898), P(14.598306655883789, 10.941137313842773), P(5.211396217346191, 11.521166801452637), P(10.05456256866455, 11.670071601867676), P(7.389866828918457, 12.228598594665527), P(8.381669998168945, 12.228867530822754), P(11.44953727722168, 12.22913646697998)]"
logo_47,111,8,"[15, 13, 17, 10, 14, 12, 15, 15]",17,"[P(12.000000953674316, 9.672759056091309), P(5.647359371185303, 11.275500297546387), P(10.974868774414062, 11.275500297546387), P(9.186668395996094, 11.824889183044434), P(12.641850471496582, 11.82515811920166), P(7.963445663452148, 11.82811450958252), P(11.651928901672363, 14.150114059448242), P(18.183847427368164, 14.150114059448242)]"
logo_48,89,8,"[5, 5, 18, 17, 5, 12, 17, 10]",18,"[P(15.358689308166504, 10.301706314086914), P(14.623303413391113, 10.7962646484375), P(5.287461280822754, 10.905388832092285), P(9.970703125, 11.035748481750488), P(15.308425903320312, 11.16207504272461), P(7.292299270629883, 11.455046653747559), P(11.371320724487305, 11.460691452026367), P(8.367155075073242, 11.460959434509277)]"
logo_49,89,8,"[5, 5, 18, 17, 5, 12, 17, 10]",18,"[P(15.358689308166504, 10.301706314086914), P(14.623303413391113, 10.7962646484375), P(5.287461280822754, 10.905388832092285), P(9.970703125, 11.035748481750488), P(15.308425903320312, 11.16207504272461), P(7.292299270629883, 11.455046653747559), P(11.371320724487305, 11.460691452026367), P(8.367155075073242, 11.460959434509277)]"
logo_46,181,8,"[89, 15, 17, 10, 10, 14, 13, 13]",89,"[P(13.904314041137695, 9.792769432067871), P(5.211396217346191, 11.140169143676758), P(10.05456256866455, 11.289073944091797), P(7.389866828918457, 11.847600936889648), P(8.381669998168945, 11.847600936889648), P(11.44953727722168, 11.848138809204102), P(11.709447860717773, 14.499933242797852), P(18.244054794311523, 14.499933242797852)]"
logo_50,81,8,"[5, 13, 17, 5, 14, 10, 12, 5]",17,"[P(15.428302764892578, 9.80970287322998), P(5.774223804473877, 10.61255168914795), P(11.565112113952637, 10.61255168914795), P(15.428302764892578, 10.952560424804688), P(13.376965522766113, 11.211665153503418), P(9.621557235717773, 11.212202072143555), P(8.294046401977539, 11.21515941619873), P(15.428302764892578, 12.095417022705078)]"
logo_5,156,8,"[6, 17, 19, 23, 21, 23, 22, 25]",25,"[P(5.90485143661499, 10.476414680480957), P(18.46579933166504, 11.056981086730957), P(10.395915031433105, 11.066120147705078), P(5.918559551239014, 11.087353706359863), P(7.973928451538086, 11.087353706359863), P(14.237065315246582, 11.087353706359863), P(16.57196617126465, 11.087353706359863), P(11.486358642578125, 11.08762264251709)]"
logo_51,119,8,"[15, 18, 17, 12, 17, 10, 15, 15]",18,"[P(15.937105178833008, 10.07593059539795), P(5.233705043792725, 10.619405746459961), P(9.689020156860352, 10.750033378601074), P(7.162478446960449, 11.169331550598145), P(11.01384162902832, 11.174976348876953), P(8.161537170410156, 11.17524528503418), P(9.765623092651367, 13.492137908935547), P(11.68149471282959, 13.492137908935547)]"
logo_52,104,8,"[5, 18, 13, 17, 10, 14, 12, 15]",18,"[P(8.91197395324707, 9.093938827514648), P(5.6207499504089355, 9.357881546020508), P(9.466200828552246, 11.474802017211914), P(16.636205673217773, 11.474802017211914), P(14.232227325439453, 12.093267440795898), P(18.903911590576172, 12.093267440795898), P(12.464186668395996, 12.096760749816895), P(7.794113636016846, 14.531111717224121)]"
logo_53,81,8,"[5, 5, 13, 17, 5, 10, 14, 12]",17,"[P(18.530574798583984, 9.333288192749023), P(18.194061279296875, 10.553285598754883), P(5.540384292602539, 11.197822570800781), P(10.574116706848145, 11.197822570800781), P(16.60422134399414, 11.34672737121582), P(8.88348388671875, 11.759037017822266), P(12.140304565429688, 11.759037971496582), P(7.769923686981201, 11.762263298034668)]"
logo_54,81,8,"[13, 17, 10, 14, 12, 5, 5, 5]",17,"[P(9.11436653137207, 11.502217292785645), P(13.791157722473145, 11.502217292785645), P(12.220938682556152, 12.015857696533203), P(15.24821949005127, 12.015857696533203), P(11.178068161010742, 12.018815040588379), P(4.921650409698486, 12.217981338500977), P(4.845584869384766, 13.025400161743164), P(5.342292785644531, 13.746808052062988)]"
logo_55,115,8,"[15, 10, 18, 20, 9, 13, 15, 15]",20,"[P(14.669533729553223, 9.714151382446289), P(9.282354354858398, 10.9021635055542), P(5.278860569000244, 10.905388832092285), P(6.6093268394470215, 10.932536125183105), P(10.402633666992188, 10.932536125183105), P(12.310442924499512, 10.932536125183105), P(11.659992218017578, 13.739416122436523), P(18.229808807373047, 13.739416122436523)]"
logo_56,131,8,"[8, 23, 8, 25, 25, 10, 24, 8]",25,"[P(16.924070358276367, 10.805805206298828), P(4.673834323883057, 11.224835395812988), P(19.637683868408203, 11.409756660461426), P(6.412041187286377, 11.627737998962402), P(9.574789047241211, 11.627737998962402), P(11.3035888671875, 11.627737998962402), P(14.31581974029541, 11.627737998962402), P(16.914661407470703, 12.223088264465332)]"
logo_59,116,8,"[21, 10, 14, 15, 15, 22, 13, 6]",22,"[P(4.506383419036865, 9.723020553588867), P(14.39080810546875, 10.152533531188965), P(18.986427307128906, 10.152533531188965), P(7.040989398956299, 10.152802467346191), P(8.776509284973145, 10.152802467346191), P(11.641447067260742, 10.152802467346191), P(16.1212215423584, 10.152802467346191), P(17.690902709960938, 10.430721282958984)]"
logo_58,106,8,"[5, 13, 12, 18, 17, 17, 14, 10]",18,"[P(4.377368927001953, 9.14285659790039), P(5.143126010894775, 10.291626930236816), P(14.603951454162598, 10.944228172302246), P(19.089908599853516, 10.944228172302246), P(6.952023029327393, 10.972987174987793), P(8.6837797164917, 10.972987174987793), P(11.629619598388672, 10.972987174987793), P(15.803521156311035, 10.972987174987793)]"
logo_57,232,8,"[9, 32, 31, 23, 44, 31, 31, 31]",44,"[P(5.208439350128174, 8.190699577331543), P(17.4261531829834, 11.34672737121582), P(18.85311508178711, 11.975675582885742), P(14.494824409484863, 12.009541511535645), P(12.24512767791748, 12.033731460571289), P(15.602206230163574, 12.033732414245605), P(7.862384796142578, 12.072437286376953), P(9.541191101074219, 12.072437286376953)]"
logo_61,101,8,"[8, 19, 11, 11, 11, 10, 19, 12]",19,"[P(19.619945526123047, 10.049321174621582), P(4.5351433753967285, 11.718183517456055), P(6.5058465003967285, 12.164628028869629), P(8.075258255004883, 12.164628028869629), P(17.16274642944336, 12.166510581970215), P(13.21865463256836, 12.167047500610352), P(10.682435989379883, 12.167316436767578), P(14.89638614654541, 12.167316436767578)]"
logo_60,118,8,"[21, 22, 13, 15, 15, 10, 14, 8]",22,"[P(4.494288921356201, 10.063566207885742), P(10.894233703613281, 10.450611114501953), P(14.917618751525879, 10.450611114501953), P(6.7711334228515625, 10.45088005065918), P(8.327913284301758, 10.45088005065918), P(13.365945816040039, 10.45088005065918), P(17.14742660522461, 10.45088005065918), P(19.61886978149414, 10.456793785095215)]"
logo_62,118,8,"[6, 21, 22, 10, 13, 14, 16, 16]",22,"[P(19.299556732177734, 9.288670539855957), P(4.583255290985107, 12.742506980895996), P(12.078486442565918, 13.168256759643555), P(14.730815887451172, 13.168256759643555), P(16.374683380126953, 13.168256759643555), P(18.699100494384766, 13.168256759643555), P(7.203064441680908, 13.182501792907715), P(9.018680572509766, 13.182501792907715)]"
logo_6,116,8,"[6, 13, 24, 13, 12, 24, 13, 11]",24,"[P(5.905120372772217, 10.476414680480957), P(10.307217597961426, 10.978497505187988), P(6.005375862121582, 11.006450653076172), P(7.897863388061523, 11.006450653076172), P(11.419970512390137, 11.006450653076172), P(14.318506240844727, 11.006450653076172), P(16.624649047851562, 11.006450653076172), P(18.215295791625977, 11.006450653076172)]"
logo_64,118,8,"[6, 21, 22, 10, 13, 14, 16, 16]",22,"[P(13.261658668518066, 9.82959270477295), P(4.57277250289917, 10.588361740112305), P(13.485822677612305, 10.980512619018555), P(15.109797477722168, 10.980513572692871), P(16.712539672851562, 10.980781555175781), P(19.030508041381836, 10.980781555175781), P(7.0743184089660645, 10.994220733642578), P(8.835371971130371, 10.994220733642578)]"
logo_63,167,8,"[23, 19, 25, 16, 24, 25, 25, 10]",25,"[P(4.770326614379883, 10.188281059265137), P(18.570892333984375, 10.23424243927002), P(11.120548248291016, 10.734981536865234), P(15.021100997924805, 10.734981536865234), P(17.254669189453125, 10.734981536865234), P(7.054697036743164, 10.735250473022461), P(8.550195693969727, 10.735250473022461), P(13.39309310913086, 10.735250473022461)]"
logo_67,373,8,"[12, 19, 10, 19, 12, 101, 101, 99]",101,"[P(17.404651641845703, 10.776239395141602), P(4.569278240203857, 10.776777267456055), P(14.37656307220459, 11.31998348236084), P(11.444968223571777, 11.320521354675293), P(16.265287399291992, 11.320521354675293), P(6.610671043395996, 11.324015617370605), P(8.400484085083008, 11.324015617370605), P(18.530845642089844, 11.334766387939453)]"
logo_65,100,8,"[8, 8, 6, 13, 19, 10, 22, 14]",22,"[P(17.000404357910156, 9.328181266784668), P(15.071361541748047, 9.675984382629395), P(15.107378959655762, 11.298884391784668), P(4.381937503814697, 12.731219291687012), P(8.219057083129883, 13.29297161102295), P(13.17161750793457, 13.29297161102295), P(11.056578636169434, 13.293240547180176), P(14.973794937133789, 13.293240547180176)]"
logo_66,117,8,"[13, 22, 22, 21, 10, 17, 6, 6]",22,"[P(5.523182392120361, 9.514043807983398), P(7.870178699493408, 9.990324020385742), P(9.349550247192383, 9.990324020385742), P(11.534470558166504, 9.990592956542969), P(14.060476303100586, 9.993549346923828), P(17.93172836303711, 9.993818283081055), P(15.913453102111816, 12.265824317932129), P(4.4144606590271, 13.013304710388184)]"
logo_68,292,8,"[59, 34, 6, 36, 36, 35, 28, 58]",59,"[P(7.380997180938721, 10.092460632324219), P(12.142723083496094, 11.188549995422363), P(17.327777862548828, 11.223760604858398), P(7.688483238220215, 11.24338150024414), P(8.75151252746582, 11.24338150024414), P(13.217846870422363, 11.311114311218262), P(14.873808860778809, 11.327778816223145), P(10.201316833496094, 11.348743438720703)]"
logo_69,133,8,"[5, 13, 21, 14, 14, 20, 23, 23]",23,"[P(4.380863189697266, 9.448863983154297), P(5.145813941955566, 10.591452598571777), P(12.730278015136719, 11.355328559875488), P(14.891279220581055, 11.355328559875488), P(16.496170043945312, 11.355328559875488), P(19.174036026000977, 11.355328559875488), P(6.949065685272217, 11.394033432006836), P(8.539443969726562, 11.394033432006836)]"
logo_70,120,8,"[21, 6, 15, 23, 10, 13, 16, 16]",23,"[P(4.5617523193359375, 9.604488372802734), P(17.559200286865234, 9.988845825195312), P(18.974599838256836, 10.008197784423828), P(12.710121154785156, 10.010616302490234), P(14.336514472961426, 10.010616302490234), P(16.06450653076172, 10.010616302490234), P(7.03534460067749, 10.01061725616455), P(8.767370223999023, 10.01061725616455)]"
logo_72,72,8,"[7, 7, 7, 7, 9, 7, 7, 21]",21,"[P(16.598844528198242, 8.184786796569824), P(14.539712905883789, 9.519554138183594), P(15.69735336303711, 9.734041213989258), P(19.61376190185547, 9.92514419555664), P(16.693187713623047, 10.865609169006348), P(17.537158966064453, 10.970165252685547), P(18.72275161743164, 11.480849266052246), P(6.229001522064209, 12.7849760055542)]"
logo_7,132,8,"[8, 12, 24, 24, 18, 13, 20, 13]",24,"[P(5.901626110076904, 10.476414680480957), P(11.858621597290039, 10.755409240722656), P(5.736863136291504, 10.884424209594727), P(14.287327766418457, 10.884424209594727), P(8.59454345703125, 11.429512023925781), P(10.44913387298584, 11.429512023925781), P(16.948259353637695, 11.429512023925781), P(18.241634368896484, 11.46176528930664)]"
logo_71,121,8,"[9, 12, 15, 10, 15, 21, 22, 17]",22,"[P(4.780271530151367, 4.380863189697266), P(6.584330081939697, 6.068539142608643), P(9.749227523803711, 6.080634593963623), P(12.03117847442627, 6.810375213623047), P(16.51041603088379, 6.81843900680542), P(14.873538970947266, 9.876360893249512), P(7.20951509475708, 10.614165306091309), P(11.487166404724121, 10.618196487426758)]"
logo_73,65,8,"[7, 7, 7, 14, 9, 7, 7, 7]",14,"[P(7.29821252822876, 8.191237449645996), P(6.773820877075195, 9.671146392822266), P(6.775702476501465, 9.672221183776855), P(14.68082332611084, 10.583658218383789), P(8.881065368652344, 11.062894821166992), P(5.878779888153076, 12.00040340423584), P(6.974331855773926, 12.619674682617188), P(8.295928001403809, 13.492137908935547)]"
logo_74,95,8,"[5, 13, 10, 12, 11, 21, 18, 5]",21,"[P(4.380863189697266, 4.380863189697266), P(15.955921173095703, 5.823947906494141), P(12.391613960266113, 5.823948383331299), P(8.314474105834961, 5.875823497772217), P(5.895982265472412, 9.873404502868652), P(11.353581428527832, 9.925009727478027), P(14.01102066040039, 9.925010681152344), P(4.380863189697266, 13.904582977294922)]"
logo_75,120,8,"[10, 10, 22, 14, 21, 12, 14, 17]",22,"[P(13.634261131286621, 6.7542219161987305), P(8.142621040344238, 8.396358489990234), P(17.01173210144043, 14.051817893981934), P(6.213012218475342, 14.052080154418945), P(9.952252388000488, 14.764066696166992), P(7.674001693725586, 14.76432991027832), P(11.753746032714844, 14.795570373535156), P(14.26775074005127, 14.795832633972168)]"
logo_77,110,8,"[10, 10, 10, 14, 19, 10, 15, 22]",22,"[P(15.066523551940918, 8.661739349365234), P(12.671415328979492, 9.572906494140625), P(17.206289291381836, 10.269050598144531), P(6.322806358337402, 12.718183517456055), P(17.61376190185547, 12.72329044342041), P(7.525332927703857, 13.182637214660645), P(15.291763305664062, 13.182638168334961), P(12.487031936645508, 13.182906150817871)]"
logo_78,153,8,"[31, 18, 23, 30, 18, 13, 10, 10]",31,"[P(16.210723876953125, 10.63593578338623), P(11.149308204650879, 10.636204719543457), P(14.477893829345703, 10.636204719543457), P(12.782959938049316, 10.636473655700684), P(9.593066215515137, 10.671146392822266), P(17.99704360961914, 10.671146392822266), P(6.980245113372803, 11.08426284790039), P(4.7128071784973145, 11.762397766113281)]"
logo_76,115,8,"[5, 14, 22, 10, 12, 21, 14, 17]",22,"[P(4.380863189697266, 4.380863189697266), P(7.2775163650512695, 13.497380256652832), P(16.144874572753906, 13.497380256652832), P(17.503829956054688, 13.497380256652832), P(8.47735595703125, 14.082246780395508), P(10.348072052001953, 14.082246780395508), P(11.827174186706543, 14.108051300048828), P(13.891412734985352, 14.108051300048828)]"
logo_79,65,8,"[7, 7, 7, 7, 7, 7, 9, 14]",14,"[P(8.345383644104004, 4.399409294128418), P(15.581239700317383, 4.399409294128418), P(8.33355712890625, 8.124445915222168), P(8.333558082580566, 8.124445915222168), P(15.592796325683594, 8.124445915222168), P(15.593066215515137, 8.124445915222168), P(11.963177680969238, 8.796399116516113), P(11.747883796691895, 14.1550874710083)]"
logo_80,56,8,"[7, 7, 5, 7, 7, 7, 7, 9]",9,"[P(16.353179931640625, 4.6636199951171875), P(7.641177654266357, 4.663620471954346), P(11.99704360961914, 7.468350887298584), P(7.6266632080078125, 9.148233413696289), P(7.6266632080078125, 9.148233413696289), P(16.367692947387695, 9.148233413696289), P(16.3674259185791, 9.1485013961792), P(11.997312545776367, 9.95753288269043)]"
logo_81,61,8,"[5, 7, 7, 7, 7, 7, 7, 14]",14,"[P(4.380863189697266, 4.380863189697266), P(9.214622497558594, 6.2558794021606445), P(14.785378456115723, 6.2558794021606445), P(9.204946517944336, 9.123773574829102), P(9.205214500427246, 9.123773574829102), P(14.79478645324707, 9.123773574829102), P(14.79478645324707, 9.123773574829102), P(11.827174186706543, 13.731757164001465)]"
logo_82,83,8,"[5, 7, 7, 7, 7, 14, 22, 14]",22,"[P(4.380863189697266, 4.380863189697266), P(9.214622497558594, 6.2558794021606445), P(14.785378456115723, 6.2558794021606445), P(9.204946517944336, 9.123773574829102), P(14.79478645324707, 9.123773574829102), P(7.2775163650512695, 13.121086120605469), P(16.144874572753906, 13.121086120605469), P(11.827174186706543, 13.731757164001465)]"
logo_8,146,8,"[8, 22, 15, 17, 15, 13, 28, 28]",28,"[P(5.919365882873535, 10.476414680480957), P(8.300497055053711, 11.084128379821777), P(10.467947959899902, 11.084128379821777), P(11.364601135253906, 11.084128379821777), P(16.82193374633789, 11.084128379821777), P(18.258296966552734, 11.088428497314453), P(6.262061595916748, 11.097029685974121), P(14.50826644897461, 11.097029685974121)]"
logo_83,100,8,"[9, 7, 7, 7, 7, 9, 31, 23]",31,"[P(4.7138824462890625, 4.381131172180176), P(8.51794147491455, 5.914796829223633), P(15.481521606445312, 5.914796829223633), P(8.506383895874023, 9.500067710876465), P(15.493617057800293, 9.500067710876465), P(12.0, 10.146754264831543), P(14.223895072937012, 14.295659065246582), P(12.236526489257812, 14.295928955078125)]"
logo_85,88,8,"[5, 5, 5, 32, 26, 5, 5, 5]",32,"[P(13.746013641357422, 7.978846549987793), P(8.809520721435547, 9.142837524414062), P(4.380946159362793, 11.576693534851074), P(9.54732894897461, 11.123929023742676), P(11.932750701904297, 11.755515098571777), P(18.190473556518555, 12.00002670288086), P(16.761919021606445, 13.428581237792969), P(10.835981369018555, 14.857161521911621)]"
logo_84,88,8,"[5, 5, 5, 5, 5, 5, 32, 26]",32,"[P(11.85378360748291, 6.728665351867676), P(11.85378360748291, 8.568740844726562), P(7.9725847244262695, 10.110199928283691), P(11.85378360748291, 10.407471656799316), P(7.972315788269043, 11.951082229614258), P(7.972315788269043, 13.791157722473145), P(12.330062866210938, 13.596022605895996), P(14.208037376403809, 14.394840240478516)]"
logo_86,96,8,"[16, 21, 26, 13, 5, 5, 5, 5]",26,"[P(14.142602920532227, 10.156808853149414), P(18.62796974182129, 10.163312911987305), P(11.10151195526123, 9.612710952758789), P(15.726136207580566, 10.179492950439453), P(4.380946159362793, 13.307266235351562), P(6.541019439697266, 13.307266235351562), P(8.701093673706055, 13.307266235351562), P(10.861140251159668, 13.307266235351562)]"
logo_87,102,7,"[16, 21, 9, 26, 13, 12, 5]",26,"[P(14.311910629272461, 8.931682586669922), P(18.658584594726562, 8.937944412231445), P(9.61667537689209, 8.953641891479492), P(11.364812850952148, 8.404383659362793), P(15.846470832824707, 8.953641891479492), P(7.504767417907715, 9.904756546020508), P(4.380946159362793, 12.45711898803711)]"
logo_88,98,8,"[19, 25, 13, 21, 5, 5, 5, 5]",25,"[P(13.77458667755127, 10.154147148132324), P(10.882804870605469, 9.593950271606445), P(15.576452255249023, 10.191266059875488), P(17.918277740478516, 10.191266059875488), P(4.3809733390808105, 10.882064819335938), P(5.387806415557861, 10.882064819335938), P(6.394667625427246, 10.882064819335938), P(7.401501178741455, 10.882064819335938)]"
logo_89,96,8,"[16, 21, 26, 13, 5, 5, 5, 5]",26,"[P(12.092138290405273, 9.444828033447266), P(16.69020652770996, 9.451467514038086), P(8.952136993408203, 8.882991790771484), P(13.710695266723633, 9.468213081359863), P(8.610942840576172, 12.925647735595703), P(10.75136947631836, 12.925647735595703), P(12.89184856414795, 12.925647735595703), P(15.03227424621582, 12.925647735595703)]"
logo_90,108,8,"[6, 16, 21, 13, 9, 26, 5, 12]",26,"[P(4.380863189697266, 8.1597900390625), P(11.901357650756836, 10.587152481079102), P(17.03238868713379, 10.594677925109863), P(13.70756721496582, 10.613224029541016), P(6.360166549682617, 10.613492012023926), P(8.397527694702148, 9.96035385131836), P(18.61147689819336, 13.82542610168457), P(10.873270034790039, 14.147157669067383)]"
logo_9,130,8,"[6, 15, 28, 28, 15, 9, 16, 13]",28,"[P(5.901895046234131, 10.476414680480957), P(11.279935836791992, 10.918828010559082), P(5.9698967933654785, 10.934416770935059), P(14.445908546447754, 10.934416770935059), P(8.63486099243164, 11.39107608795166), P(10.444026947021484, 11.39107608795166), P(16.920576095581055, 11.39376449584961), P(18.313669204711914, 11.39376449584961)]"
logo_92,129,8,"[5, 17, 8, 32, 5, 26, 10, 26]",32,"[P(17.217041015625, 8.672490119934082), P(4.424674034118652, 10.700174331665039), P(19.431529998779297, 10.905792236328125), P(11.722349166870117, 10.630559921264648), P(17.99059295654297, 12.0), P(5.125655174255371, 12.670877456665039), P(10.600995063781738, 13.040719985961914), P(13.455449104309082, 13.04098892211914)]"
logo_91,151,8,"[44, 14, 24, 12, 21, 13, 10, 13]",44,"[P(13.14447021484375, 8.33127212524414), P(4.381131172180176, 11.397257804870605), P(17.882274627685547, 11.417685508728027), P(5.694127082824707, 14.050664901733398), P(15.725844383239746, 14.412443161010742), P(9.55355453491211, 14.412444114685059), P(12.419299125671387, 14.412444114685059), P(17.84330177307129, 14.412444114685059)]"
logo_93,85,8,"[5, 8, 5, 13, 14, 10, 10, 20]",20,"[P(11.688214302062988, 8.848273277282715), P(13.05899715423584, 10.275769233703613), P(12.169332504272461, 10.986964225769043), P(8.659857749938965, 13.529095649719238), P(11.007660865783691, 13.830668449401855), P(14.583524703979492, 13.830668449401855), P(16.32845115661621, 13.830668449401855), P(17.404651641845703, 13.830668449401855)]"
logo_95,850,8,"[81, 86, 376, 126, 17, 115, 12, 37]",376,"[P(17.007122039794922, 7.569143772125244), P(17.89974594116211, 7.744657516479492), P(19.013036727905273, 8.802848815917969), P(15.974466323852539, 9.96801471710205), P(4.382743835449219, 12.002150535583496), P(19.397930145263672, 12.800430297851562), P(4.696412086486816, 14.478429794311523), P(14.6058349609375, 14.816289901733398)]"
logo_94,598,8,"[376, 126, 18, 19, 16, 16, 15, 12]",376,"[P(8.587018013000488, 9.176051139831543), P(5.829593181610107, 10.23343563079834), P(10.109394073486328, 14.448192596435547), P(16.907136917114258, 14.468351364135742), P(12.501007080078125, 14.472651481628418), P(15.26138973236084, 14.472651481628418), P(6.771401882171631, 14.490927696228027), P(4.693724155426025, 14.490928649902344)]"
logo_96,156,8,"[4, 27, 25, 25, 10, 10, 32, 23]",32,"[P(5.76159143447876, 9.227791786193848), P(4.565515041351318, 9.628276824951172), P(8.309905052185059, 11.26327133178711), P(16.787260055541992, 11.26327133178711), P(13.804865837097168, 12.95901107788086), P(16.10858917236328, 12.95901107788086), P(7.22456693649292, 12.974868774414062), P(9.145276069641113, 12.974868774414062)]"
logo_98,91,8,"[4, 5, 14, 24, 6, 5, 13, 20]",24,"[P(6.667652130126953, 8.149038314819336), P(6.667383670806885, 9.290552139282227), P(9.887649536132812, 10.361106872558594), P(15.968284606933594, 10.316758155822754), P(4.420373916625977, 11.278725624084473), P(5.526138782501221, 12.058728218078613), P(9.907539367675781, 12.542533874511719), P(17.643596649169922, 12.82394790649414)]"
logo_97,106,8,"[8, 14, 24, 7, 13, 10, 10, 20]",24,"[P(6.673834323883057, 9.33651351928711), P(9.887649536132812, 10.407337188720703), P(15.968284606933594, 10.362988471984863), P(8.878376960754395, 10.909957885742188), P(9.907539367675781, 12.588496208190918), P(15.152533531188965, 12.869641304016113), P(16.686737060546875, 12.869641304016113), P(17.643596649169922, 12.86991024017334)]"
logo_99,96,8,"[5, 5, 5, 14, 24, 13, 10, 20]",24,"[P(5.684719562530518, 9.008063316345215), P(9.908077239990234, 9.477087020874023), P(6.897191524505615, 10.92554759979248), P(9.188549995422363, 11.273350715637207), P(15.776912689208984, 11.229001998901367), P(9.208171844482422, 13.557990074157715), P(16.496170043945312, 13.839404106140137), P(17.516735076904297, 13.839941024780273)]"
